Log file open, 09/09/25 12:26:40
LogWindows: Failed to load 'aqProf.dll' (GetLastError=126)
LogWindows: File 'aqProf.dll' does not exist
LogWindows: Failed to load 'VtuneApi.dll' (GetLastError=126)
LogWindows: File 'VtuneApi.dll' does not exist
LogWindows: Failed to load 'VtuneApi32e.dll' (GetLastError=126)
LogWindows: File 'VtuneApi32e.dll' does not exist
LogConsoleResponse: Display: Failed to find resolution value strings in scalability ini. Falling back to default.
LogConsoleResponse: Display: Failed to find resolution value strings in scalability ini. Falling back to default.
LogInit: Display: Running engine for game: model
LogPlatformFile: Not using cached read wrapper
LogTaskGraph: Started task graph with 5 named threads and 35 total threads with 3 sets of task threads.
LogStats: Stats thread started at 0.209781
LogICUInternationalization: ICU TimeZone Detection - Raw Offset: +8:00, Platform Override: ''
LogInit: Display: Loading text-based GConfig....
LogPluginManager: Mounting plugin MeshPainting
LogPluginManager: Mounting plugin XGEController
LogPluginManager: Mounting plugin AISupport
LogPluginManager: Mounting plugin Paper2D
LogPluginManager: Mounting plugin EnvironmentQueryEditor
LogPluginManager: Mounting plugin LiveLink
LogPluginManager: Mounting plugin CameraShakePreviewer
LogPluginManager: Mounting plugin GameplayCameras
LogPluginManager: Mounting plugin LightPropagationVolume
LogPluginManager: Mounting plugin OodleData
LogPluginManager: Mounting plugin CodeLiteSourceCodeAccess
LogPluginManager: Mounting plugin AnimationSharing
LogPluginManager: Mounting plugin GitSourceControl
LogPluginManager: Mounting plugin KDevelopSourceCodeAccess
LogPluginManager: Mounting plugin NullSourceCodeAccess
LogPluginManager: Mounting plugin CLionSourceCodeAccess
LogPluginManager: Mounting plugin OodleNetwork
LogPluginManager: Mounting plugin PixWinPlugin
LogPluginManager: Mounting plugin PerforceSourceControl
LogPluginManager: Mounting plugin PlasticSourceControl
LogPluginManager: Mounting plugin PluginUtils
LogPluginManager: Mounting plugin DatasmithContent
LogPluginManager: Mounting plugin PropertyAccessNode
LogPluginManager: Mounting plugin SubversionSourceControl
LogPluginManager: Mounting plugin RiderSourceCodeAccess
LogPluginManager: Mounting plugin VariantManagerContent
LogPluginManager: Mounting plugin TextureFormatOodle
LogPluginManager: Mounting plugin UObjectPlugin
LogPluginManager: Mounting plugin VisualStudioCodeSourceCodeAccess
LogPluginManager: Mounting plugin VisualStudioSourceCodeAccess
LogPluginManager: Mounting plugin XCodeSourceCodeAccess
LogPluginManager: Mounting plugin AlembicImporter
LogPluginManager: Mounting plugin AutomationUtils
LogPluginManager: Mounting plugin BackChannel
LogPluginManager: Mounting plugin ChaosCloth
LogPluginManager: Mounting plugin ChaosClothEditor
LogPluginManager: Mounting plugin ChaosNiagara
LogPluginManager: Mounting plugin ChaosEditor
LogPluginManager: Mounting plugin CharacterAI
LogPluginManager: Mounting plugin ChaosSolverPlugin
LogPluginManager: Mounting plugin GeometryCache
LogPluginManager: Mounting plugin GeometryCollectionPlugin
LogPluginManager: Mounting plugin GeometryProcessing
LogPluginManager: Mounting plugin MotoSynth
LogPluginManager: Mounting plugin OpenImageDenoise
LogPluginManager: Mounting plugin PlanarCut
LogPluginManager: Mounting plugin PlatformCrypto
LogPluginManager: Mounting plugin ProxyLODPlugin
LogPluginManager: Mounting plugin PythonScriptPlugin
LogPluginManager: Mounting plugin SkeletalReduction
LogPluginManager: Mounting plugin LuminPlatformFeatures
LogPluginManager: Mounting plugin MagicLeap
LogPluginManager: Mounting plugin Niagara
LogPluginManager: Mounting plugin MagicLeapLightEstimation
LogPluginManager: Mounting plugin MagicLeapMedia
LogPluginManager: Mounting plugin MagicLeapPassableWorld
LogPluginManager: Mounting plugin MLSDK
LogPluginManager: Mounting plugin AndroidMedia
LogPluginManager: Mounting plugin AvfMedia
LogPluginManager: Mounting plugin ImgMedia
LogPluginManager: Mounting plugin MediaCompositing
LogPluginManager: Mounting plugin MediaPlayerEditor
LogPluginManager: Mounting plugin WebMMedia
LogPluginManager: Mounting plugin WmfMedia
LogPluginManager: Mounting plugin ActorSequence
LogPluginManager: Mounting plugin LevelSequenceEditor
LogPluginManager: Mounting plugin MatineeToLevelSequence
LogPluginManager: Mounting plugin TemplateSequence
LogPluginManager: Mounting plugin OnlineSubsystem
LogPluginManager: Mounting plugin OnlineSubsystemNull
LogPluginManager: Mounting plugin OnlineSubsystemUtils
LogPluginManager: Mounting plugin LauncherChunkInstaller
LogPluginManager: Mounting plugin TcpMessaging
LogPluginManager: Mounting plugin UdpMessaging
LogPluginManager: Mounting plugin ActorLayerUtilities
LogPluginManager: Mounting plugin ScreenshotTools
LogPluginManager: Mounting plugin AndroidMoviePlayer
LogPluginManager: Mounting plugin AndroidDeviceProfileSelector
LogPluginManager: Mounting plugin AndroidPermission
LogPluginManager: Mounting plugin AppleImageUtils
LogPluginManager: Mounting plugin AppleMoviePlayer
LogPluginManager: Mounting plugin ArchVisCharacter
LogPluginManager: Mounting plugin AssetTags
LogPluginManager: Mounting plugin AudioCapture
LogPluginManager: Mounting plugin AudioSynesthesia
LogPluginManager: Mounting plugin CableComponent
LogPluginManager: Mounting plugin ChunkDownloader
LogPluginManager: Mounting plugin CustomMeshComponent
LogPluginManager: Mounting plugin EditableMesh
LogPluginManager: Mounting plugin ExampleDeviceProfileSelector
LogPluginManager: Mounting plugin GoogleCloudMessaging
LogPluginManager: Mounting plugin GooglePAD
LogPluginManager: Mounting plugin IOSDeviceProfileSelector
LogPluginManager: Mounting plugin LinuxDeviceProfileSelector
LogPluginManager: Mounting plugin LocationServicesBPLibrary
LogPluginManager: Mounting plugin MobilePatchingUtils
LogPluginManager: Mounting plugin OpenXR
LogPluginManager: Mounting plugin OpenXREyeTracker
LogPluginManager: Mounting plugin OpenXRHandTracking
LogPluginManager: Mounting plugin PhysXVehicles
LogPluginManager: Mounting plugin PostSplashScreen
LogPluginManager: Mounting plugin ProceduralMeshComponent
LogPluginManager: Mounting plugin PropertyAccessEditor
LogPluginManager: Mounting plugin RuntimePhysXCooking
LogPluginManager: Mounting plugin SignificanceManager
LogPluginManager: Mounting plugin SoundFields
LogPluginManager: Mounting plugin Takes
LogPluginManager: Mounting plugin Synthesis
LogPluginManager: Mounting plugin WebMMoviePlayer
LogPluginManager: Mounting plugin WindowsMoviePlayer
LogPluginManager: Mounting plugin AssetManagerEditor
LogPluginManager: Mounting plugin CryptoKeys
LogPluginManager: Mounting plugin CurveEditorTools
LogPluginManager: Mounting plugin DataValidation
LogPluginManager: Mounting plugin FacialAnimation
LogPluginManager: Mounting plugin GameplayTagsEditor
LogPluginManager: Mounting plugin GeometryMode
LogPluginManager: Mounting plugin MacGraphicsSwitching
LogPluginManager: Mounting plugin MaterialAnalyzer
LogPluginManager: Mounting plugin MobileLauncherProfileWizard
LogPluginManager: Mounting plugin PluginBrowser
LogPluginManager: Mounting plugin SpeedTreeImporter
LogPluginManager: Mounting plugin OnlineSubsystemGooglePlay
LogPluginManager: Mounting plugin OnlineSubsystemIOS
LogPluginManager: Mounting plugin OculusVR
LogPluginManager: Mounting plugin SteamVR
LogPluginManager: Mounting plugin ContentBrowserAssetDataSource
LogPluginManager: Mounting plugin ContentBrowserClassDataSource
LogPluginManager: Mounting plugin ContentBrowserFileDataSource
PixWinPlugin: PIX capture plugin failed to initialize! Check that the process is launched from PIX.
LogLuminAPIImpl: Warning: MLSDK not found.  This likely means the MLSDK environment variable is not set.
LogInit: Using libcurl 7.55.1-DEV
LogInit:  - built for x86_64-pc-win32
LogInit:  - supports SSL with OpenSSL/1.1.1
LogInit:  - supports HTTP deflate (compression) using libz 1.2.8
LogInit:  - other features:
LogInit:      CURL_VERSION_SSL
LogInit:      CURL_VERSION_LIBZ
LogInit:      CURL_VERSION_IPV6
LogInit:      CURL_VERSION_ASYNCHDNS
LogInit:      CURL_VERSION_LARGEFILE
LogInit:      CURL_VERSION_IDN
LogInit:  CurlRequestOptions (configurable via config and command line):
LogInit:  - bVerifyPeer = true  - Libcurl will verify peer certificate
LogInit:  - bUseHttpProxy = false  - Libcurl will NOT use HTTP proxy
LogInit:  - bDontReuseConnections = false  - Libcurl will reuse connections
LogInit:  - MaxHostConnections = 16  - Libcurl will limit the number of connections to a host
LogInit:  - LocalHostAddr = Default
LogInit:  - BufferSize = 65536
LogOnline: OSS: Creating online subsystem instance for: NULL
LogInit: WinSock: version 1.1 (2.2), MaxSocks=32767, MaxUdp=65467
LogOnline: OSS: TryLoadSubsystemAndSetDefault: Loaded subsystem for module [NULL]
LogOculusPluginWrapper: OculusPlugin initialized successfully
LogHMD: Failed initializing OVRPlugin 1.59.0
LogInit: Build: ++UE4+Release-4.27-CL-18319896
LogInit: Engine Version: 4.27.2-18319896+++UE4+Release-4.27
LogInit: Compatible Engine Version: 4.27.0-17155196+++UE4+Release-4.27
LogInit: Net CL: 17155196
LogInit: OS: Windows 10 (Release 2009) (), CPU: 12th Gen Intel(R) Core(TM) i5-12400F, GPU: NVIDIA GeForce GTX 1660
LogInit: Compiled (64-bit): Nov 30 2021 07:12:08
LogInit: Compiled with Visual C++: 19.24.28315.00
LogInit: Build Configuration: Development
LogInit: Branch Name: ++UE4+Release-4.27
LogInit: Command Line: 
LogInit: Base Directory: D:/UE_4.27/Engine/Binaries/Win64/
LogInit: Allocator: TBB
LogInit: Installed Engine Build: 1
LogDevObjectVersion: Number of dev versions registered: 29
LogDevObjectVersion:   Dev-Blueprints (B0D832E4-1F89-4F0D-ACCF-7EB736FD4AA2): 10
LogDevObjectVersion:   Dev-Build (E1C64328-A22C-4D53-A36C-8E866417BD8C): 0
LogDevObjectVersion:   Dev-Core (375EC13C-06E4-48FB-B500-84F0262A717E): 4
LogDevObjectVersion:   Dev-Editor (E4B068ED-F494-42E9-A231-DA0B2E46BB41): 40
LogDevObjectVersion:   Dev-Framework (CFFC743F-43B0-4480-9391-14DF171D2073): 37
LogDevObjectVersion:   Dev-Mobile (B02B49B5-BB20-44E9-A304-32B752E40360): 3
LogDevObjectVersion:   Dev-Networking (A4E4105C-59A1-49B5-A7C5-40C4547EDFEE): 0
LogDevObjectVersion:   Dev-Online (39C831C9-5AE6-47DC-9A44-9C173E1C8E7C): 0
LogDevObjectVersion:   Dev-Physics (78F01B33-EBEA-4F98-B9B4-84EACCB95AA2): 14
LogDevObjectVersion:   Dev-Platform (6631380F-2D4D-43E0-8009-CF276956A95A): 0
LogDevObjectVersion:   Dev-Rendering (12F88B9F-8875-4AFC-A67C-D90C383ABD29): 45
LogDevObjectVersion:   Dev-Sequencer (7B5AE74C-D270-4C10-A958-57980B212A5A): 13
LogDevObjectVersion:   Dev-VR (D7296918-1DD6-4BDD-9DE2-64A83CC13884): 3
LogDevObjectVersion:   Dev-LoadTimes (C2A15278-BFE7-4AFE-6C17-90FF531DF755): 1
LogDevObjectVersion:   Private-Geometry (6EACA3D4-40EC-4CC1-B786-8BED09428FC5): 3
LogDevObjectVersion:   Dev-AnimPhys (29E575DD-E0A3-4627-9D10-D276232CDCEA): 17
LogDevObjectVersion:   Dev-Anim (AF43A65D-7FD3-4947-9873-3E8ED9C1BB05): 15
LogDevObjectVersion:   Dev-ReflectionCapture (6B266CEC-1EC7-4B8F-A30B-E4D90942FC07): 1
LogDevObjectVersion:   Dev-Automation (0DF73D61-A23F-47EA-B727-89E90C41499A): 1
LogDevObjectVersion:   FortniteMain (601D1886-AC64-4F84-AA16-D3DE0DEAC7D6): 47
LogDevObjectVersion:   FortniteRelease (E7086368-6B23-4C58-8439-1B7016265E91): 1
LogDevObjectVersion:   Dev-Enterprise (9DFFBCD6-494F-0158-E221-12823C92A888): 10
LogDevObjectVersion:   Dev-Niagara (F2AED0AC-9AFE-416F-8664-AA7FFA26D6FC): 1
LogDevObjectVersion:   Dev-Destruction (174F1F0B-B4C6-45A5-B13F-2EE8D0FB917D): 10
LogDevObjectVersion:   Dev-Physics-Ext (35F94A83-E258-406C-A318-09F59610247C): 41
LogDevObjectVersion:   Dev-PhysicsMaterial-Chaos (B68FC16E-8B1B-42E2-B453-215C058844FE): 1
LogDevObjectVersion:   Dev-CineCamera (B2E18506-4273-CFC2-A54E-F4BB758BBA07): 1
LogDevObjectVersion:   Dev-VirtualProduction (64F58936-FD1B-42BA-BA96-7289D5D0FA4E): 1
LogDevObjectVersion:   Dev-MediaFramework (6F0ED827-A609-4895-9C91-998D90180EA4): 2
LogInit: Presizing for max 25165824 objects, including 0 objects not considered by GC, pre-allocating 0 bytes for permanent pool.
LogConfig: Applying CVar settings from Section [/Script/Engine.StreamingSettings] File [E:/F盘/上传官网/xrz-zj1/Saved/Config/Windows/Engine.ini]
LogConfig: Setting CVar [[s.MinBulkDataSizeForAsyncLoading:131072]]
LogConfig: Setting CVar [[s.AsyncLoadingThreadEnabled:0]]
LogConfig: Setting CVar [[s.EventDrivenLoaderEnabled:1]]
LogConfig: Setting CVar [[s.WarnIfTimeLimitExceeded:0]]
LogConfig: Setting CVar [[s.TimeLimitExceededMultiplier:1.5]]
LogConfig: Setting CVar [[s.TimeLimitExceededMinTime:0.005]]
LogConfig: Setting CVar [[s.UseBackgroundLevelStreaming:1]]
LogConfig: Setting CVar [[s.PriorityAsyncLoadingExtraTime:15.0]]
LogConfig: Setting CVar [[s.LevelStreamingActorsUpdateTimeLimit:5.0]]
LogConfig: Setting CVar [[s.PriorityLevelStreamingActorsUpdateExtraTime:5.0]]
LogConfig: Setting CVar [[s.LevelStreamingComponentsRegistrationGranularity:10]]
LogConfig: Setting CVar [[s.UnregisterComponentsTimeLimit:1.0]]
LogConfig: Setting CVar [[s.LevelStreamingComponentsUnregistrationGranularity:5]]
LogConfig: Setting CVar [[s.FlushStreamingOnExit:1]]
LogInit: Object subsystem initialized
LogConfig: Setting CVar [[con.DebugEarlyDefault:1]]
LogConfig: Setting CVar [[r.setres:1280x720]]
[2025.09.09-04.26.41:200][  0]LogConfig: Setting CVar [[r.VSync:0]]
[2025.09.09-04.26.41:200][  0]LogConfig: Setting CVar [[r.RHICmdBypass:0]]
[2025.09.09-04.26.41:200][  0]LogConfig: Applying CVar settings from Section [/Script/Engine.RendererSettings] File [E:/F盘/上传官网/xrz-zj1/Saved/Config/Windows/Engine.ini]
[2025.09.09-04.26.41:201][  0]LogConfig: Setting CVar [[r.GPUCrashDebugging:0]]
[2025.09.09-04.26.41:201][  0]LogConfig: Setting CVar [[r.AllowGlobalClipPlane:1]]
[2025.09.09-04.26.41:201][  0]LogConfig: Applying CVar settings from Section [/Script/Engine.RendererOverrideSettings] File [E:/F盘/上传官网/xrz-zj1/Saved/Config/Windows/Engine.ini]
[2025.09.09-04.26.41:201][  0]LogConfig: Applying CVar settings from Section [/Script/Engine.StreamingSettings] File [E:/F盘/上传官网/xrz-zj1/Saved/Config/Windows/Engine.ini]
[2025.09.09-04.26.41:201][  0]LogConfig: Setting CVar [[s.MinBulkDataSizeForAsyncLoading:131072]]
[2025.09.09-04.26.41:201][  0]LogConfig: Setting CVar [[s.AsyncLoadingThreadEnabled:0]]
[2025.09.09-04.26.41:201][  0]LogConfig: Setting CVar [[s.EventDrivenLoaderEnabled:1]]
[2025.09.09-04.26.41:201][  0]LogConfig: Setting CVar [[s.WarnIfTimeLimitExceeded:0]]
[2025.09.09-04.26.41:201][  0]LogConfig: Setting CVar [[s.TimeLimitExceededMultiplier:1.5]]
[2025.09.09-04.26.41:201][  0]LogConfig: Setting CVar [[s.TimeLimitExceededMinTime:0.005]]
[2025.09.09-04.26.41:201][  0]LogConfig: Setting CVar [[s.UseBackgroundLevelStreaming:1]]
[2025.09.09-04.26.41:201][  0]LogConfig: Setting CVar [[s.PriorityAsyncLoadingExtraTime:15.0]]
[2025.09.09-04.26.41:201][  0]LogConfig: Setting CVar [[s.LevelStreamingActorsUpdateTimeLimit:5.0]]
[2025.09.09-04.26.41:201][  0]LogConfig: Setting CVar [[s.PriorityLevelStreamingActorsUpdateExtraTime:5.0]]
[2025.09.09-04.26.41:201][  0]LogConfig: Setting CVar [[s.LevelStreamingComponentsRegistrationGranularity:10]]
[2025.09.09-04.26.41:201][  0]LogConfig: Setting CVar [[s.UnregisterComponentsTimeLimit:1.0]]
[2025.09.09-04.26.41:201][  0]LogConfig: Setting CVar [[s.LevelStreamingComponentsUnregistrationGranularity:5]]
[2025.09.09-04.26.41:201][  0]LogConfig: Setting CVar [[s.FlushStreamingOnExit:1]]
[2025.09.09-04.26.41:201][  0]LogConfig: Applying CVar settings from Section [/Script/Engine.GarbageCollectionSettings] File [E:/F盘/上传官网/xrz-zj1/Saved/Config/Windows/Engine.ini]
[2025.09.09-04.26.41:201][  0]LogConfig: Setting CVar [[gc.MaxObjectsNotConsideredByGC:1]]
[2025.09.09-04.26.41:201][  0]LogConfig: Setting CVar [[gc.SizeOfPermanentObjectPool:0]]
[2025.09.09-04.26.41:201][  0]LogConfig: Setting CVar [[gc.FlushStreamingOnGC:0]]
[2025.09.09-04.26.41:201][  0]LogConfig: Setting CVar [[gc.NumRetriesBeforeForcingGC:10]]
[2025.09.09-04.26.41:201][  0]LogConfig: Setting CVar [[gc.AllowParallelGC:1]]
[2025.09.09-04.26.41:201][  0]LogConfig: Setting CVar [[gc.TimeBetweenPurgingPendingKillObjects:61.1]]
[2025.09.09-04.26.41:201][  0]LogConfig: Setting CVar [[gc.MaxObjectsInEditor:25165824]]
[2025.09.09-04.26.41:201][  0]LogConfig: Setting CVar [[gc.IncrementalBeginDestroyEnabled:1]]
[2025.09.09-04.26.41:201][  0]LogConfig: Setting CVar [[gc.CreateGCClusters:1]]
[2025.09.09-04.26.41:201][  0]LogConfig: Setting CVar [[gc.MinGCClusterSize:5]]
[2025.09.09-04.26.41:201][  0]LogConfig: Setting CVar [[gc.ActorClusteringEnabled:0]]
[2025.09.09-04.26.41:201][  0]LogConfig: Setting CVar [[gc.BlueprintClusteringEnabled:0]]
[2025.09.09-04.26.41:201][  0]LogConfig: Setting CVar [[gc.UseDisregardForGCOnDedicatedServers:0]]
[2025.09.09-04.26.41:201][  0]LogConfig: Setting CVar [[gc.MultithreadedDestructionEnabled:1]]
[2025.09.09-04.26.41:201][  0]LogConfig: Applying CVar settings from Section [/Script/Engine.NetworkSettings] File [E:/F盘/上传官网/xrz-zj1/Saved/Config/Windows/Engine.ini]
[2025.09.09-04.26.41:201][  0]LogConfig: Applying CVar settings from Section [/Script/UnrealEd.CookerSettings] File [E:/F盘/上传官网/xrz-zj1/Saved/Config/Windows/Engine.ini]
[2025.09.09-04.26.41:204][  0]LogConfig: Applying CVar settings from Section [ViewDistanceQuality@3] File [E:/F盘/上传官网/xrz-zj1/Saved/Config/Windows/Scalability.ini]
[2025.09.09-04.26.41:204][  0]LogConfig: Setting CVar [[r.SkeletalMeshLODBias:0]]
[2025.09.09-04.26.41:204][  0]LogConfig: Setting CVar [[r.ViewDistanceScale:1.0]]
[2025.09.09-04.26.41:204][  0]LogConfig: Applying CVar settings from Section [AntiAliasingQuality@3] File [E:/F盘/上传官网/xrz-zj1/Saved/Config/Windows/Scalability.ini]
[2025.09.09-04.26.41:204][  0]LogConfig: Setting CVar [[r.PostProcessAAQuality:4]]
[2025.09.09-04.26.41:204][  0]LogConfig: Applying CVar settings from Section [ShadowQuality@3] File [E:/F盘/上传官网/xrz-zj1/Saved/Config/Windows/Scalability.ini]
[2025.09.09-04.26.41:204][  0]LogConfig: Setting CVar [[r.LightFunctionQuality:1]]
[2025.09.09-04.26.41:204][  0]LogConfig: Setting CVar [[r.ShadowQuality:5]]
[2025.09.09-04.26.41:204][  0]LogConfig: Setting CVar [[r.Shadow.CSM.MaxCascades:10]]
[2025.09.09-04.26.41:204][  0]LogConfig: Setting CVar [[r.Shadow.MaxResolution:2048]]
[2025.09.09-04.26.41:204][  0]LogConfig: Setting CVar [[r.Shadow.MaxCSMResolution:2048]]
[2025.09.09-04.26.41:204][  0]LogConfig: Setting CVar [[r.Shadow.RadiusThreshold:0.01]]
[2025.09.09-04.26.41:204][  0]LogConfig: Setting CVar [[r.Shadow.DistanceScale:1.0]]
[2025.09.09-04.26.41:204][  0]LogConfig: Setting CVar [[r.Shadow.CSM.TransitionScale:1.0]]
[2025.09.09-04.26.41:205][  0]LogConfig: Setting CVar [[r.Shadow.PreShadowResolutionFactor:1.0]]
[2025.09.09-04.26.41:205][  0]LogConfig: Setting CVar [[r.DistanceFieldShadowing:1]]
[2025.09.09-04.26.41:205][  0]LogConfig: Setting CVar [[r.DistanceFieldAO:1]]
[2025.09.09-04.26.41:205][  0]LogConfig: Setting CVar [[r.AOQuality:2]]
[2025.09.09-04.26.41:205][  0]LogConfig: Setting CVar [[r.VolumetricFog:1]]
[2025.09.09-04.26.41:205][  0]LogConfig: Setting CVar [[r.VolumetricFog.GridPixelSize:8]]
[2025.09.09-04.26.41:205][  0]LogConfig: Setting CVar [[r.VolumetricFog.GridSizeZ:128]]
[2025.09.09-04.26.41:205][  0]LogConfig: Setting CVar [[r.VolumetricFog.HistoryMissSupersampleCount:4]]
[2025.09.09-04.26.41:205][  0]LogConfig: Setting CVar [[r.LightMaxDrawDistanceScale:1]]
[2025.09.09-04.26.41:205][  0]LogConfig: Setting CVar [[r.CapsuleShadows:1]]
[2025.09.09-04.26.41:205][  0]LogConfig: Applying CVar settings from Section [PostProcessQuality@3] File [E:/F盘/上传官网/xrz-zj1/Saved/Config/Windows/Scalability.ini]
[2025.09.09-04.26.41:205][  0]LogConfig: Setting CVar [[r.MotionBlurQuality:4]]
[2025.09.09-04.26.41:205][  0]LogConfig: Setting CVar [[r.AmbientOcclusionMipLevelFactor:0.4]]
[2025.09.09-04.26.41:205][  0]LogConfig: Setting CVar [[r.AmbientOcclusionMaxQuality:100]]
[2025.09.09-04.26.41:205][  0]LogConfig: Setting CVar [[r.AmbientOcclusionLevels:-1]]
[2025.09.09-04.26.41:205][  0]LogConfig: Setting CVar [[r.AmbientOcclusionRadiusScale:1.0]]
[2025.09.09-04.26.41:205][  0]LogConfig: Setting CVar [[r.DepthOfFieldQuality:2]]
[2025.09.09-04.26.41:205][  0]LogConfig: Setting CVar [[r.RenderTargetPoolMin:400]]
[2025.09.09-04.26.41:205][  0]LogConfig: Setting CVar [[r.LensFlareQuality:2]]
[2025.09.09-04.26.41:205][  0]LogConfig: Setting CVar [[r.SceneColorFringeQuality:1]]
[2025.09.09-04.26.41:205][  0]LogConfig: Setting CVar [[r.EyeAdaptationQuality:2]]
[2025.09.09-04.26.41:205][  0]LogConfig: Setting CVar [[r.BloomQuality:5]]
[2025.09.09-04.26.41:205][  0]LogConfig: Setting CVar [[r.FastBlurThreshold:100]]
[2025.09.09-04.26.41:205][  0]LogConfig: Setting CVar [[r.Upscale.Quality:3]]
[2025.09.09-04.26.41:205][  0]LogConfig: Setting CVar [[r.Tonemapper.GrainQuantization:1]]
[2025.09.09-04.26.41:205][  0]LogConfig: Setting CVar [[r.LightShaftQuality:1]]
[2025.09.09-04.26.41:205][  0]LogConfig: Setting CVar [[r.Filter.SizeScale:1]]
[2025.09.09-04.26.41:205][  0]LogConfig: Setting CVar [[r.Tonemapper.Quality:5]]
[2025.09.09-04.26.41:205][  0]LogConfig: Setting CVar [[r.DOF.Gather.AccumulatorQuality:1        ; higher gathering accumulator quality]]
[2025.09.09-04.26.41:205][  0]LogConfig: Setting CVar [[r.DOF.Gather.PostfilterMethod:1          ; Median3x3 postfilering method]]
[2025.09.09-04.26.41:205][  0]LogConfig: Setting CVar [[r.DOF.Gather.EnableBokehSettings:0       ; no bokeh simulation when gathering]]
[2025.09.09-04.26.41:205][  0]LogConfig: Setting CVar [[r.DOF.Gather.RingCount:4                 ; medium number of samples when gathering]]
[2025.09.09-04.26.41:205][  0]LogConfig: Setting CVar [[r.DOF.Scatter.ForegroundCompositing:1    ; additive foreground scattering]]
[2025.09.09-04.26.41:205][  0]LogConfig: Setting CVar [[r.DOF.Scatter.BackgroundCompositing:2    ; additive background scattering]]
[2025.09.09-04.26.41:205][  0]LogConfig: Setting CVar [[r.DOF.Scatter.EnableBokehSettings:1      ; bokeh simulation when scattering]]
[2025.09.09-04.26.41:205][  0]LogConfig: Setting CVar [[r.DOF.Scatter.MaxSpriteRatio:0.1         ; only a maximum of 10% of scattered bokeh]]
[2025.09.09-04.26.41:205][  0]LogConfig: Setting CVar [[r.DOF.Recombine.Quality:1                ; cheap slight out of focus]]
[2025.09.09-04.26.41:205][  0]LogConfig: Setting CVar [[r.DOF.Recombine.EnableBokehSettings:0    ; no bokeh simulation on slight out of focus]]
[2025.09.09-04.26.41:205][  0]LogConfig: Setting CVar [[r.DOF.TemporalAAQuality:1                ; more stable temporal accumulation]]
[2025.09.09-04.26.41:205][  0]LogConfig: Setting CVar [[r.DOF.Kernel.MaxForegroundRadius:0.025]]
[2025.09.09-04.26.41:205][  0]LogConfig: Setting CVar [[r.DOF.Kernel.MaxBackgroundRadius:0.025]]
[2025.09.09-04.26.41:205][  0]LogConfig: Applying CVar settings from Section [TextureQuality@3] File [E:/F盘/上传官网/xrz-zj1/Saved/Config/Windows/Scalability.ini]
[2025.09.09-04.26.41:205][  0]LogConfig: Setting CVar [[r.Streaming.MipBias:0]]
[2025.09.09-04.26.41:205][  0]LogConfig: Setting CVar [[r.Streaming.AmortizeCPUToGPUCopy:0]]
[2025.09.09-04.26.41:205][  0]LogConfig: Setting CVar [[r.Streaming.MaxNumTexturesToStreamPerFrame:0]]
[2025.09.09-04.26.41:205][  0]LogConfig: Setting CVar [[r.Streaming.Boost:1]]
[2025.09.09-04.26.41:205][  0]LogConfig: Setting CVar [[r.MaxAnisotropy:8]]
[2025.09.09-04.26.41:205][  0]LogConfig: Setting CVar [[r.VT.MaxAnisotropy:8]]
[2025.09.09-04.26.41:205][  0]LogConfig: Setting CVar [[r.Streaming.LimitPoolSizeToVRAM:0]]
[2025.09.09-04.26.41:205][  0]LogConfig: Setting CVar [[r.Streaming.PoolSize:1000]]
[2025.09.09-04.26.41:205][  0]LogConfig: Setting CVar [[r.Streaming.MaxEffectiveScreenSize:0]]
[2025.09.09-04.26.41:205][  0]LogConfig: Applying CVar settings from Section [EffectsQuality@3] File [E:/F盘/上传官网/xrz-zj1/Saved/Config/Windows/Scalability.ini]
[2025.09.09-04.26.41:205][  0]LogConfig: Setting CVar [[r.TranslucencyLightingVolumeDim:64]]
[2025.09.09-04.26.41:205][  0]LogConfig: Setting CVar [[r.RefractionQuality:2]]
[2025.09.09-04.26.41:205][  0]LogConfig: Setting CVar [[r.SSR.Quality:3]]
[2025.09.09-04.26.41:205][  0]LogConfig: Setting CVar [[r.SSR.HalfResSceneColor:0]]
[2025.09.09-04.26.41:205][  0]LogConfig: Setting CVar [[r.SceneColorFormat:4]]
[2025.09.09-04.26.41:205][  0]LogConfig: Setting CVar [[r.DetailMode:2]]
[2025.09.09-04.26.41:205][  0]LogConfig: Setting CVar [[r.TranslucencyVolumeBlur:1]]
[2025.09.09-04.26.41:205][  0]LogConfig: Setting CVar [[r.MaterialQualityLevel:1 ; High quality]]
[2025.09.09-04.26.41:205][  0]LogConfig: Setting CVar [[r.AnisotropicMaterials:1]]
[2025.09.09-04.26.41:205][  0]LogConfig: Setting CVar [[r.SSS.Scale:1]]
[2025.09.09-04.26.41:205][  0]LogConfig: Setting CVar [[r.SSS.SampleSet:2]]
[2025.09.09-04.26.41:205][  0]LogConfig: Setting CVar [[r.SSS.Quality:1]]
[2025.09.09-04.26.41:205][  0]LogConfig: Setting CVar [[r.SSS.HalfRes:0]]
[2025.09.09-04.26.41:205][  0]LogConfig: Setting CVar [[r.SSGI.Quality:3]]
[2025.09.09-04.26.41:205][  0]LogConfig: Setting CVar [[r.EmitterSpawnRateScale:1.0]]
[2025.09.09-04.26.41:205][  0]LogConfig: Setting CVar [[r.ParticleLightQuality:2]]
[2025.09.09-04.26.41:205][  0]LogConfig: Setting CVar [[r.SkyAtmosphere.AerialPerspectiveLUT.FastApplyOnOpaque:1 ; Always have FastSkyLUT 1 in this case to avoid wrong sky]]
[2025.09.09-04.26.41:205][  0]LogConfig: Setting CVar [[r.SkyAtmosphere.AerialPerspectiveLUT.SampleCountMaxPerSlice:4]]
[2025.09.09-04.26.41:205][  0]LogConfig: Setting CVar [[r.SkyAtmosphere.AerialPerspectiveLUT.DepthResolution:16.0]]
[2025.09.09-04.26.41:205][  0]LogConfig: Setting CVar [[r.SkyAtmosphere.FastSkyLUT:1]]
[2025.09.09-04.26.41:205][  0]LogConfig: Setting CVar [[r.SkyAtmosphere.FastSkyLUT.SampleCountMin:4.0]]
[2025.09.09-04.26.41:205][  0]LogConfig: Setting CVar [[r.SkyAtmosphere.FastSkyLUT.SampleCountMax:128.0]]
[2025.09.09-04.26.41:205][  0]LogConfig: Setting CVar [[r.SkyAtmosphere.SampleCountMin:4.0]]
[2025.09.09-04.26.41:205][  0]LogConfig: Setting CVar [[r.SkyAtmosphere.SampleCountMax:128.0]]
[2025.09.09-04.26.41:205][  0]LogConfig: Setting CVar [[r.SkyAtmosphere.TransmittanceLUT.UseSmallFormat:0]]
[2025.09.09-04.26.41:205][  0]LogConfig: Setting CVar [[r.SkyAtmosphere.TransmittanceLUT.SampleCount:10.0]]
[2025.09.09-04.26.41:205][  0]LogConfig: Setting CVar [[r.SkyAtmosphere.MultiScatteringLUT.SampleCount:15.0]]
[2025.09.09-04.26.41:205][  0]LogConfig: Setting CVar [[r.SkyLight.RealTimeReflectionCapture:1]]
[2025.09.09-04.26.41:205][  0]LogConfig: Applying CVar settings from Section [FoliageQuality@3] File [E:/F盘/上传官网/xrz-zj1/Saved/Config/Windows/Scalability.ini]
[2025.09.09-04.26.41:205][  0]LogConfig: Setting CVar [[foliage.DensityScale:1.0]]
[2025.09.09-04.26.41:205][  0]LogConfig: Setting CVar [[grass.DensityScale:1.0]]
[2025.09.09-04.26.41:205][  0]LogConfig: Applying CVar settings from Section [ShadingQuality@3] File [E:/F盘/上传官网/xrz-zj1/Saved/Config/Windows/Scalability.ini]
[2025.09.09-04.26.41:205][  0]LogConfig: Setting CVar [[r.HairStrands.SkyLighting.IntegrationType:2]]
[2025.09.09-04.26.41:205][  0]LogConfig: Setting CVar [[r.HairStrands.SkyAO.SampleCount:4]]
[2025.09.09-04.26.41:205][  0]LogConfig: Setting CVar [[r.HairStrands.Visibility.MSAA.SamplePerPixel:4]]
[2025.09.09-04.26.41:205][  0]LogInit: Selected Device Profile: [Windows]
[2025.09.09-04.26.41:205][  0]LogInit: Applying CVar settings loaded from the selected device profile: [Windows]
[2025.09.09-04.26.41:205][  0]LogHAL: Display: Platform has ~ 32 GB [34160525312 / 34359738368 / 32], which maps to Largest [LargestMinGB=32, LargerMinGB=12, DefaultMinGB=8, SmallerMinGB=6, SmallestMinGB=0)
[2025.09.09-04.26.41:205][  0]LogInit: Going up to parent DeviceProfile []
[2025.09.09-04.26.41:205][  0]LogConfig: Applying CVar settings from Section [ViewDistanceQuality@3] File [E:/F盘/上传官网/xrz-zj1/Saved/Config/Windows/Scalability.ini]
[2025.09.09-04.26.41:205][  0]LogConfig: Setting CVar [[r.SkeletalMeshLODBias:0]]
[2025.09.09-04.26.41:205][  0]LogConfig: Setting CVar [[r.ViewDistanceScale:1.0]]
[2025.09.09-04.26.41:205][  0]LogConfig: Applying CVar settings from Section [AntiAliasingQuality@3] File [E:/F盘/上传官网/xrz-zj1/Saved/Config/Windows/Scalability.ini]
[2025.09.09-04.26.41:205][  0]LogConfig: Setting CVar [[r.PostProcessAAQuality:4]]
[2025.09.09-04.26.41:205][  0]LogConfig: Applying CVar settings from Section [ShadowQuality@3] File [E:/F盘/上传官网/xrz-zj1/Saved/Config/Windows/Scalability.ini]
[2025.09.09-04.26.41:205][  0]LogConfig: Setting CVar [[r.LightFunctionQuality:1]]
[2025.09.09-04.26.41:205][  0]LogConfig: Setting CVar [[r.ShadowQuality:5]]
[2025.09.09-04.26.41:205][  0]LogConfig: Setting CVar [[r.Shadow.CSM.MaxCascades:10]]
[2025.09.09-04.26.41:205][  0]LogConfig: Setting CVar [[r.Shadow.MaxResolution:2048]]
[2025.09.09-04.26.41:205][  0]LogConfig: Setting CVar [[r.Shadow.MaxCSMResolution:2048]]
[2025.09.09-04.26.41:205][  0]LogConfig: Setting CVar [[r.Shadow.RadiusThreshold:0.01]]
[2025.09.09-04.26.41:205][  0]LogConfig: Setting CVar [[r.Shadow.DistanceScale:1.0]]
[2025.09.09-04.26.41:205][  0]LogConfig: Setting CVar [[r.Shadow.CSM.TransitionScale:1.0]]
[2025.09.09-04.26.41:205][  0]LogConfig: Setting CVar [[r.Shadow.PreShadowResolutionFactor:1.0]]
[2025.09.09-04.26.41:205][  0]LogConfig: Setting CVar [[r.DistanceFieldShadowing:1]]
[2025.09.09-04.26.41:205][  0]LogConfig: Setting CVar [[r.DistanceFieldAO:1]]
[2025.09.09-04.26.41:205][  0]LogConfig: Setting CVar [[r.AOQuality:2]]
[2025.09.09-04.26.41:205][  0]LogConfig: Setting CVar [[r.VolumetricFog:1]]
[2025.09.09-04.26.41:205][  0]LogConfig: Setting CVar [[r.VolumetricFog.GridPixelSize:8]]
[2025.09.09-04.26.41:205][  0]LogConfig: Setting CVar [[r.VolumetricFog.GridSizeZ:128]]
[2025.09.09-04.26.41:205][  0]LogConfig: Setting CVar [[r.VolumetricFog.HistoryMissSupersampleCount:4]]
[2025.09.09-04.26.41:205][  0]LogConfig: Setting CVar [[r.LightMaxDrawDistanceScale:1]]
[2025.09.09-04.26.41:205][  0]LogConfig: Setting CVar [[r.CapsuleShadows:1]]
[2025.09.09-04.26.41:205][  0]LogConfig: Applying CVar settings from Section [PostProcessQuality@3] File [E:/F盘/上传官网/xrz-zj1/Saved/Config/Windows/Scalability.ini]
[2025.09.09-04.26.41:205][  0]LogConfig: Setting CVar [[r.MotionBlurQuality:4]]
[2025.09.09-04.26.41:205][  0]LogConfig: Setting CVar [[r.AmbientOcclusionMipLevelFactor:0.4]]
[2025.09.09-04.26.41:205][  0]LogConfig: Setting CVar [[r.AmbientOcclusionMaxQuality:100]]
[2025.09.09-04.26.41:205][  0]LogConfig: Setting CVar [[r.AmbientOcclusionLevels:-1]]
[2025.09.09-04.26.41:205][  0]LogConfig: Setting CVar [[r.AmbientOcclusionRadiusScale:1.0]]
[2025.09.09-04.26.41:205][  0]LogConfig: Setting CVar [[r.DepthOfFieldQuality:2]]
[2025.09.09-04.26.41:206][  0]LogConfig: Setting CVar [[r.RenderTargetPoolMin:400]]
[2025.09.09-04.26.41:206][  0]LogConfig: Setting CVar [[r.LensFlareQuality:2]]
[2025.09.09-04.26.41:206][  0]LogConfig: Setting CVar [[r.SceneColorFringeQuality:1]]
[2025.09.09-04.26.41:206][  0]LogConfig: Setting CVar [[r.EyeAdaptationQuality:2]]
[2025.09.09-04.26.41:206][  0]LogConfig: Setting CVar [[r.BloomQuality:5]]
[2025.09.09-04.26.41:206][  0]LogConfig: Setting CVar [[r.FastBlurThreshold:100]]
[2025.09.09-04.26.41:206][  0]LogConfig: Setting CVar [[r.Upscale.Quality:3]]
[2025.09.09-04.26.41:206][  0]LogConfig: Setting CVar [[r.Tonemapper.GrainQuantization:1]]
[2025.09.09-04.26.41:206][  0]LogConfig: Setting CVar [[r.LightShaftQuality:1]]
[2025.09.09-04.26.41:206][  0]LogConfig: Setting CVar [[r.Filter.SizeScale:1]]
[2025.09.09-04.26.41:206][  0]LogConfig: Setting CVar [[r.Tonemapper.Quality:5]]
[2025.09.09-04.26.41:206][  0]LogConfig: Setting CVar [[r.DOF.Gather.AccumulatorQuality:1        ; higher gathering accumulator quality]]
[2025.09.09-04.26.41:206][  0]LogConfig: Setting CVar [[r.DOF.Gather.PostfilterMethod:1          ; Median3x3 postfilering method]]
[2025.09.09-04.26.41:206][  0]LogConfig: Setting CVar [[r.DOF.Gather.EnableBokehSettings:0       ; no bokeh simulation when gathering]]
[2025.09.09-04.26.41:206][  0]LogConfig: Setting CVar [[r.DOF.Gather.RingCount:4                 ; medium number of samples when gathering]]
[2025.09.09-04.26.41:206][  0]LogConfig: Setting CVar [[r.DOF.Scatter.ForegroundCompositing:1    ; additive foreground scattering]]
[2025.09.09-04.26.41:206][  0]LogConfig: Setting CVar [[r.DOF.Scatter.BackgroundCompositing:2    ; additive background scattering]]
[2025.09.09-04.26.41:206][  0]LogConfig: Setting CVar [[r.DOF.Scatter.EnableBokehSettings:1      ; bokeh simulation when scattering]]
[2025.09.09-04.26.41:206][  0]LogConfig: Setting CVar [[r.DOF.Scatter.MaxSpriteRatio:0.1         ; only a maximum of 10% of scattered bokeh]]
[2025.09.09-04.26.41:206][  0]LogConfig: Setting CVar [[r.DOF.Recombine.Quality:1                ; cheap slight out of focus]]
[2025.09.09-04.26.41:206][  0]LogConfig: Setting CVar [[r.DOF.Recombine.EnableBokehSettings:0    ; no bokeh simulation on slight out of focus]]
[2025.09.09-04.26.41:206][  0]LogConfig: Setting CVar [[r.DOF.TemporalAAQuality:1                ; more stable temporal accumulation]]
[2025.09.09-04.26.41:206][  0]LogConfig: Setting CVar [[r.DOF.Kernel.MaxForegroundRadius:0.025]]
[2025.09.09-04.26.41:206][  0]LogConfig: Setting CVar [[r.DOF.Kernel.MaxBackgroundRadius:0.025]]
[2025.09.09-04.26.41:206][  0]LogConfig: Applying CVar settings from Section [TextureQuality@3] File [E:/F盘/上传官网/xrz-zj1/Saved/Config/Windows/Scalability.ini]
[2025.09.09-04.26.41:206][  0]LogConfig: Setting CVar [[r.Streaming.MipBias:0]]
[2025.09.09-04.26.41:206][  0]LogConfig: Setting CVar [[r.Streaming.AmortizeCPUToGPUCopy:0]]
[2025.09.09-04.26.41:206][  0]LogConfig: Setting CVar [[r.Streaming.MaxNumTexturesToStreamPerFrame:0]]
[2025.09.09-04.26.41:206][  0]LogConfig: Setting CVar [[r.Streaming.Boost:1]]
[2025.09.09-04.26.41:206][  0]LogConfig: Setting CVar [[r.MaxAnisotropy:8]]
[2025.09.09-04.26.41:206][  0]LogConfig: Setting CVar [[r.VT.MaxAnisotropy:8]]
[2025.09.09-04.26.41:206][  0]LogConfig: Setting CVar [[r.Streaming.LimitPoolSizeToVRAM:0]]
[2025.09.09-04.26.41:206][  0]LogConfig: Setting CVar [[r.Streaming.PoolSize:1000]]
[2025.09.09-04.26.41:206][  0]LogConfig: Setting CVar [[r.Streaming.MaxEffectiveScreenSize:0]]
[2025.09.09-04.26.41:206][  0]LogConfig: Applying CVar settings from Section [EffectsQuality@3] File [E:/F盘/上传官网/xrz-zj1/Saved/Config/Windows/Scalability.ini]
[2025.09.09-04.26.41:206][  0]LogConfig: Setting CVar [[r.TranslucencyLightingVolumeDim:64]]
[2025.09.09-04.26.41:206][  0]LogConfig: Setting CVar [[r.RefractionQuality:2]]
[2025.09.09-04.26.41:206][  0]LogConfig: Setting CVar [[r.SSR.Quality:3]]
[2025.09.09-04.26.41:206][  0]LogConfig: Setting CVar [[r.SSR.HalfResSceneColor:0]]
[2025.09.09-04.26.41:206][  0]LogConfig: Setting CVar [[r.SceneColorFormat:4]]
[2025.09.09-04.26.41:206][  0]LogConfig: Setting CVar [[r.DetailMode:2]]
[2025.09.09-04.26.41:206][  0]LogConfig: Setting CVar [[r.TranslucencyVolumeBlur:1]]
[2025.09.09-04.26.41:206][  0]LogConfig: Setting CVar [[r.MaterialQualityLevel:1 ; High quality]]
[2025.09.09-04.26.41:206][  0]LogConfig: Setting CVar [[r.AnisotropicMaterials:1]]
[2025.09.09-04.26.41:206][  0]LogConfig: Setting CVar [[r.SSS.Scale:1]]
[2025.09.09-04.26.41:206][  0]LogConfig: Setting CVar [[r.SSS.SampleSet:2]]
[2025.09.09-04.26.41:206][  0]LogConfig: Setting CVar [[r.SSS.Quality:1]]
[2025.09.09-04.26.41:206][  0]LogConfig: Setting CVar [[r.SSS.HalfRes:0]]
[2025.09.09-04.26.41:206][  0]LogConfig: Setting CVar [[r.SSGI.Quality:3]]
[2025.09.09-04.26.41:206][  0]LogConfig: Setting CVar [[r.EmitterSpawnRateScale:1.0]]
[2025.09.09-04.26.41:206][  0]LogConfig: Setting CVar [[r.ParticleLightQuality:2]]
[2025.09.09-04.26.41:206][  0]LogConfig: Setting CVar [[r.SkyAtmosphere.AerialPerspectiveLUT.FastApplyOnOpaque:1 ; Always have FastSkyLUT 1 in this case to avoid wrong sky]]
[2025.09.09-04.26.41:206][  0]LogConfig: Setting CVar [[r.SkyAtmosphere.AerialPerspectiveLUT.SampleCountMaxPerSlice:4]]
[2025.09.09-04.26.41:206][  0]LogConfig: Setting CVar [[r.SkyAtmosphere.AerialPerspectiveLUT.DepthResolution:16.0]]
[2025.09.09-04.26.41:206][  0]LogConfig: Setting CVar [[r.SkyAtmosphere.FastSkyLUT:1]]
[2025.09.09-04.26.41:206][  0]LogConfig: Setting CVar [[r.SkyAtmosphere.FastSkyLUT.SampleCountMin:4.0]]
[2025.09.09-04.26.41:206][  0]LogConfig: Setting CVar [[r.SkyAtmosphere.FastSkyLUT.SampleCountMax:128.0]]
[2025.09.09-04.26.41:206][  0]LogConfig: Setting CVar [[r.SkyAtmosphere.SampleCountMin:4.0]]
[2025.09.09-04.26.41:206][  0]LogConfig: Setting CVar [[r.SkyAtmosphere.SampleCountMax:128.0]]
[2025.09.09-04.26.41:206][  0]LogConfig: Setting CVar [[r.SkyAtmosphere.TransmittanceLUT.UseSmallFormat:0]]
[2025.09.09-04.26.41:206][  0]LogConfig: Setting CVar [[r.SkyAtmosphere.TransmittanceLUT.SampleCount:10.0]]
[2025.09.09-04.26.41:206][  0]LogConfig: Setting CVar [[r.SkyAtmosphere.MultiScatteringLUT.SampleCount:15.0]]
[2025.09.09-04.26.41:206][  0]LogConfig: Setting CVar [[r.SkyLight.RealTimeReflectionCapture:1]]
[2025.09.09-04.26.41:206][  0]LogConfig: Applying CVar settings from Section [FoliageQuality@3] File [E:/F盘/上传官网/xrz-zj1/Saved/Config/Windows/Scalability.ini]
[2025.09.09-04.26.41:206][  0]LogConfig: Setting CVar [[foliage.DensityScale:1.0]]
[2025.09.09-04.26.41:206][  0]LogConfig: Setting CVar [[grass.DensityScale:1.0]]
[2025.09.09-04.26.41:206][  0]LogConfig: Applying CVar settings from Section [ShadingQuality@3] File [E:/F盘/上传官网/xrz-zj1/Saved/Config/Windows/Scalability.ini]
[2025.09.09-04.26.41:206][  0]LogConfig: Setting CVar [[r.HairStrands.SkyLighting.IntegrationType:2]]
[2025.09.09-04.26.41:206][  0]LogConfig: Setting CVar [[r.HairStrands.SkyAO.SampleCount:4]]
[2025.09.09-04.26.41:206][  0]LogConfig: Setting CVar [[r.HairStrands.Visibility.MSAA.SamplePerPixel:4]]
[2025.09.09-04.26.41:206][  0]LogConfig: Applying CVar settings from Section [Startup] File [../../../Engine/Config/ConsoleVariables.ini]
[2025.09.09-04.26.41:207][  0]LogConfig: Setting CVar [[net.UseAdaptiveNetUpdateFrequency:0]]
[2025.09.09-04.26.41:207][  0]LogConfig: Setting CVar [[p.chaos.AllowCreatePhysxBodies:1]]
[2025.09.09-04.26.41:207][  0]LogConfig: Setting CVar [[fx.SkipVectorVMBackendOptimizations:1]]
[2025.09.09-04.26.41:207][  0]LogConfig: Applying CVar settings from Section [ConsoleVariables] File [E:/F盘/上传官网/xrz-zj1/Saved/Config/Windows/Engine.ini]
[2025.09.09-04.26.41:207][  0]LogConfig: Applying CVar settings from Section [ConsoleVariables] File [E:/F盘/上传官网/xrz-zj1/Saved/Config/Windows/Editor.ini]
[2025.09.09-04.26.41:207][  0]LogInit: Computer: NEW
[2025.09.09-04.26.41:207][  0]LogInit: User: Administrator
[2025.09.09-04.26.41:207][  0]LogInit: CPU Page size=4096, Cores=6
[2025.09.09-04.26.41:207][  0]LogInit: High frequency timer resolution =10.000000 MHz
[2025.09.09-04.26.41:207][  0]LogMemory: Memory total: Physical=31.8GB (32GB approx)
[2025.09.09-04.26.41:207][  0]LogMemory: Platform Memory Stats for Windows
[2025.09.09-04.26.41:207][  0]LogMemory: Process Physical Memory: 148.89 MB used, 148.89 MB peak
[2025.09.09-04.26.41:207][  0]LogMemory: Process Virtual Memory: 123.60 MB used, 123.60 MB peak
[2025.09.09-04.26.41:207][  0]LogMemory: Physical Memory: 18469.34 MB used,  14108.68 MB free, 32578.02 MB total
[2025.09.09-04.26.41:207][  0]LogMemory: Virtual Memory: 134191336.00 MB used,  26392.20 MB free, 134217728.00 MB total
[2025.09.09-04.26.41:209][  0]LogWindows: WindowsPlatformFeatures enabled
[2025.09.09-04.26.41:265][  0]LogInit: Physics initialised using underlying interface: PhysX
[2025.09.09-04.26.41:266][  0]LogInit: Using OS detected language (zh-CN).
[2025.09.09-04.26.41:266][  0]LogInit: Using OS detected locale (zh-CN).
[2025.09.09-04.26.41:267][  0]LogTextLocalizationManager: No specific localization for 'zh-CN' exists, so the 'zh-Hans' localization will be used.
[2025.09.09-04.26.41:365][  0]LogTextLocalizationResource: LocRes '../../../Engine/Content/Localization/Editor/zh/Editor.locres' could not be opened for reading!
[2025.09.09-04.26.41:365][  0]LogTextLocalizationResource: LocRes '../../../Engine/Content/Localization/EditorTutorials/zh/EditorTutorials.locres' could not be opened for reading!
[2025.09.09-04.26.41:365][  0]LogTextLocalizationResource: LocRes '../../../Engine/Content/Localization/Keywords/zh/Keywords.locres' could not be opened for reading!
[2025.09.09-04.26.41:365][  0]LogTextLocalizationResource: LocRes '../../../Engine/Content/Localization/Category/zh/Category.locres' could not be opened for reading!
[2025.09.09-04.26.41:365][  0]LogTextLocalizationResource: LocRes '../../../Engine/Content/Localization/ToolTips/zh/ToolTips.locres' could not be opened for reading!
[2025.09.09-04.26.41:365][  0]LogTextLocalizationResource: LocRes '../../../Engine/Content/Localization/PropertyNames/zh/PropertyNames.locres' could not be opened for reading!
[2025.09.09-04.26.41:365][  0]LogTextLocalizationResource: LocRes '../../../Engine/Content/Localization/Engine/zh/Engine.locres' could not be opened for reading!
[2025.09.09-04.26.41:365][  0]LogTextLocalizationResource: LocRes '../../../Engine/Plugins/Online/OnlineSubsystem/Content/Localization/OnlineSubsystem/zh/OnlineSubsystem.locres' could not be opened for reading!
[2025.09.09-04.26.41:365][  0]LogTextLocalizationResource: LocRes '../../../Engine/Plugins/Online/OnlineSubsystemUtils/Content/Localization/OnlineSubsystemUtils/zh/OnlineSubsystemUtils.locres' could not be opened for reading!
[2025.09.09-04.26.41:365][  0]LogTextLocalizationResource: LocRes '../../../Engine/Plugins/Online/Android/OnlineSubsystemGooglePlay/Content/Localization/OnlineSubsystemGooglePlay/zh/OnlineSubsystemGooglePlay.locres' could not be opened for reading!
[2025.09.09-04.26.41:365][  0]LogTextLocalizationResource: LocRes '../../../Engine/Plugins/Online/IOS/OnlineSubsystemIOS/Content/Localization/OnlineSubsystemIOS/zh/OnlineSubsystemIOS.locres' could not be opened for reading!
[2025.09.09-04.26.41:407][  0]LogInit: Setting process to per monitor DPI aware
[2025.09.09-04.26.41:422][  0]LogWindowsTextInputMethodSystem: Display: IME system deactivated.
[2025.09.09-04.26.41:493][  0]LogSlate: New Slate User Created.  User Index 0, Is Virtual User: 0
[2025.09.09-04.26.41:493][  0]LogSlate: Slate User Registered.  User Index 0, Is Virtual User: 0
[2025.09.09-04.26.41:630][  0]LogD3D11RHI: Loaded GFSDK_Aftermath_Lib.x64.dll
[2025.09.09-04.26.41:634][  0]LogHMD: Failed to initialize OpenVR with code 110
[2025.09.09-04.26.41:634][  0]LogD3D11RHI: D3D11 min allowed feature level: 11_0
[2025.09.09-04.26.41:634][  0]LogD3D11RHI: D3D11 max allowed feature level: 11_0
[2025.09.09-04.26.41:634][  0]LogD3D11RHI: D3D11 adapters:
[2025.09.09-04.26.41:823][  0]LogD3D11RHI:    0. 'NVIDIA GeForce GTX 1660' (Feature Level 11_0)
[2025.09.09-04.26.41:823][  0]LogD3D11RHI:       5966/0/16289 MB DedicatedVideo/DedicatedSystem/SharedSystem, Outputs:1, VendorId:0x10de
[2025.09.09-04.26.41:825][  0]LogD3D11RHI:    1. 'Microsoft Basic Render Driver' (Feature Level 11_0)
[2025.09.09-04.26.41:825][  0]LogD3D11RHI:       0/0/16289 MB DedicatedVideo/DedicatedSystem/SharedSystem, Outputs:0, VendorId:0x1414
[2025.09.09-04.26.41:965][  0]LogD3D11RHI:    2. 'NVIDIA GeForce GTX 1660' (Feature Level 11_0)
[2025.09.09-04.26.41:965][  0]LogD3D11RHI:       5966/0/16289 MB DedicatedVideo/DedicatedSystem/SharedSystem, Outputs:0, VendorId:0x10de
[2025.09.09-04.26.41:965][  0]LogD3D11RHI: Chosen D3D11 Adapter:
[2025.09.09-04.26.41:965][  0]LogD3D11RHI:     Description : NVIDIA GeForce GTX 1660
[2025.09.09-04.26.41:965][  0]LogD3D11RHI:     VendorId    : 10de
[2025.09.09-04.26.41:965][  0]LogD3D11RHI:     DeviceId    : 2184
[2025.09.09-04.26.41:965][  0]LogD3D11RHI:     SubSysId    : 155119da
[2025.09.09-04.26.41:965][  0]LogD3D11RHI:     Revision    : 00a1
[2025.09.09-04.26.41:965][  0]LogD3D11RHI:     DedicatedVideoMemory : 6255804416 bytes
[2025.09.09-04.26.41:965][  0]LogD3D11RHI:     DedicatedSystemMemory : 0 bytes
[2025.09.09-04.26.41:965][  0]LogD3D11RHI:     SharedSystemMemory : 17080262656 bytes
[2025.09.09-04.26.41:966][  0]LogD3D11RHI:     AdapterLuid : 0 62306
[2025.09.09-04.26.41:973][  0]LogD3D11RHI: Creating new Direct3DDevice
[2025.09.09-04.26.41:973][  0]LogD3D11RHI:     GPU DeviceId: 0x2184 (for the marketing name, search the web for "GPU Device Id")
[2025.09.09-04.26.41:973][  0]LogWindows: EnumDisplayDevices:
[2025.09.09-04.26.41:973][  0]LogWindows:    0. 'NVIDIA GeForce GTX 1660' (P:1 D:1)
[2025.09.09-04.26.41:973][  0]LogWindows:    1. 'NVIDIA GeForce GTX 1660' (P:0 D:0)
[2025.09.09-04.26.41:974][  0]LogWindows:    2. 'NVIDIA GeForce GTX 1660' (P:0 D:0)
[2025.09.09-04.26.41:974][  0]LogWindows:    3. 'NVIDIA GeForce GTX 1660' (P:0 D:0)
[2025.09.09-04.26.41:974][  0]LogWindows:    4. 'OrayIddDriver Device' (P:0 D:0)
[2025.09.09-04.26.41:974][  0]LogWindows:    5. 'OrayIddDriver Device' (P:0 D:0)
[2025.09.09-04.26.41:975][  0]LogWindows:    6. 'OrayIddDriver Device' (P:0 D:0)
[2025.09.09-04.26.41:975][  0]LogWindows:    7. 'OrayIddDriver Device' (P:0 D:0)
[2025.09.09-04.26.41:975][  0]LogWindows:    8. 'OrayIddDriver Device' (P:0 D:0)
[2025.09.09-04.26.41:975][  0]LogWindows:    9. 'OrayIddDriver Device' (P:0 D:0)
[2025.09.09-04.26.41:975][  0]LogWindows:    10. 'OrayIddDriver Device' (P:0 D:0)
[2025.09.09-04.26.41:976][  0]LogWindows:    11. 'OrayIddDriver Device' (P:0 D:0)
[2025.09.09-04.26.41:976][  0]LogWindows:    12. 'OrayIddDriver Device' (P:0 D:0)
[2025.09.09-04.26.41:976][  0]LogWindows:    13. 'OrayIddDriver Device' (P:0 D:0)
[2025.09.09-04.26.41:976][  0]LogWindows: DebugString: GetVideoDriverDetailsInvalid PrimaryIsNotTheChoosenAdapter GetVideoDriverDetailsInvalid PrimaryIsNotTheChoosenAdapter GetVideoDriverDetailsInvalid PrimaryIsNotTheChoosenAdapter GetVideoDriverDetailsInvalid PrimaryIsNotTheChoosenAdapter GetVideoDriverDetailsInvalid PrimaryIsNotTheChoosenAdapter GetVideoDriverDetailsInvalid PrimaryIsNotTheChoosenAdapter GetVideoDriverDetailsInvalid PrimaryIsNotTheChoosenAdapter GetVideoDriverDetailsInvalid PrimaryIsNotTheChoosenAdapter GetVideoDriverDetailsInvalid PrimaryIsNotTheChoosenAdapter GetVideoDriverDetailsInvalid PrimaryIsNotTheChoosenAdapter FoundDriverCount:4 
[2025.09.09-04.26.41:976][  0]LogD3D11RHI:     Adapter Name: NVIDIA GeForce GTX 1660
[2025.09.09-04.26.41:976][  0]LogD3D11RHI:   Driver Version: 576.88 (internal:32.0.15.7688, unified:576.88)
[2025.09.09-04.26.41:976][  0]LogD3D11RHI:      Driver Date: 6-24-2025
[2025.09.09-04.26.41:976][  0]LogRHI: Texture pool is 4176 MB (70% of 5966 MB)
[2025.09.09-04.26.41:976][  0]LogD3D11RHI: Creating D3DDevice using adapter:
[2025.09.09-04.26.41:976][  0]LogD3D11RHI:     Description : NVIDIA GeForce GTX 1660
[2025.09.09-04.26.41:976][  0]LogD3D11RHI:     VendorId    : 10de
[2025.09.09-04.26.41:976][  0]LogD3D11RHI:     DeviceId    : 2184
[2025.09.09-04.26.41:976][  0]LogD3D11RHI:     SubSysId    : 155119da
[2025.09.09-04.26.41:976][  0]LogD3D11RHI:     Revision    : 00a1
[2025.09.09-04.26.41:976][  0]LogD3D11RHI:     DedicatedVideoMemory : 6255804416 bytes
[2025.09.09-04.26.41:976][  0]LogD3D11RHI:     DedicatedSystemMemory : 0 bytes
[2025.09.09-04.26.41:976][  0]LogD3D11RHI:     SharedSystemMemory : 17080262656 bytes
[2025.09.09-04.26.41:976][  0]LogD3D11RHI:     AdapterLuid : 0 62306
[2025.09.09-04.26.42:095][  0]LogD3D11RHI: RHI has support for 64 bit atomics
[2025.09.09-04.26.42:096][  0]LogD3D11RHI: Async texture creation enabled
[2025.09.09-04.26.42:096][  0]LogD3D11RHI: Array index from any shader is supported
[2025.09.09-04.26.42:107][  0]LogD3D11RHI: GPU Timing Frequency: 1000.000000 (Debug: 2 1)
[2025.09.09-04.26.42:139][  0]LogRHI: GeForceNow SDK initialized: 1
[2025.09.09-04.26.42:473][  0]LogTargetPlatformManager: Display: Loaded TargetPlatform 'AllDesktop'
[2025.09.09-04.26.42:493][  0]LogTargetPlatformManager: Display: Loaded TargetPlatform 'Android'
[2025.09.09-04.26.42:493][  0]LogTargetPlatformManager: Display: Loaded TargetPlatform 'Android_ASTC'
[2025.09.09-04.26.42:493][  0]LogTargetPlatformManager: Display: Loaded TargetPlatform 'Android_DXT'
[2025.09.09-04.26.42:493][  0]LogTargetPlatformManager: Display: Loaded TargetPlatform 'Android_ETC2'
[2025.09.09-04.26.42:493][  0]LogTargetPlatformManager: Display: Loaded TargetPlatform 'AndroidClient'
[2025.09.09-04.26.42:493][  0]LogTargetPlatformManager: Display: Loaded TargetPlatform 'Android_ASTCClient'
[2025.09.09-04.26.42:493][  0]LogTargetPlatformManager: Display: Loaded TargetPlatform 'Android_DXTClient'
[2025.09.09-04.26.42:493][  0]LogTargetPlatformManager: Display: Loaded TargetPlatform 'Android_ETC2Client'
[2025.09.09-04.26.42:493][  0]LogTargetPlatformManager: Display: Loaded TargetPlatform 'Android_Multi'
[2025.09.09-04.26.42:493][  0]LogTargetPlatformManager: Display: Loaded TargetPlatform 'Android_MultiClient'
[2025.09.09-04.26.42:508][  0]LogTargetPlatformManager: Display: Loaded TargetPlatform 'IOSClient'
[2025.09.09-04.26.42:508][  0]LogTargetPlatformManager: Display: Loaded TargetPlatform 'IOS'
[2025.09.09-04.26.42:517][  0]LogTargetPlatformManager: Display: Loaded TargetPlatform 'Linux'
[2025.09.09-04.26.42:522][  0]LogTargetPlatformManager: Display: Loaded TargetPlatform 'LinuxNoEditor'
[2025.09.09-04.26.42:528][  0]LogTargetPlatformManager: Display: Loaded TargetPlatform 'LinuxClient'
[2025.09.09-04.26.42:532][  0]LogTargetPlatformManager: Display: Loaded TargetPlatform 'LinuxServer'
[2025.09.09-04.26.42:539][  0]LogTargetPlatformManager: Display: Loaded TargetPlatform 'LinuxAArch64NoEditor'
[2025.09.09-04.26.42:543][  0]LogTargetPlatformManager: Display: Loaded TargetPlatform 'LinuxAArch64Client'
[2025.09.09-04.26.42:548][  0]LogTargetPlatformManager: Display: Loaded TargetPlatform 'LinuxAArch64Server'
[2025.09.09-04.26.42:567][  0]LogTargetPlatformManager: Display: Loaded TargetPlatform 'Lumin'
[2025.09.09-04.26.42:567][  0]LogTargetPlatformManager: Display: Loaded TargetPlatform 'LuminClient'
[2025.09.09-04.26.42:573][  0]LogTargetPlatformManager: Display: Loaded TargetPlatform 'MacNoEditor'
[2025.09.09-04.26.42:577][  0]LogTargetPlatformManager: Display: Loaded TargetPlatform 'Mac'
[2025.09.09-04.26.42:580][  0]LogTargetPlatformManager: Display: Loaded TargetPlatform 'MacClient'
[2025.09.09-04.26.42:583][  0]LogTargetPlatformManager: Display: Loaded TargetPlatform 'MacServer'
[2025.09.09-04.26.42:591][  0]LogTargetPlatformManager: Display: Loaded TargetPlatform 'TVOSClient'
[2025.09.09-04.26.42:591][  0]LogTargetPlatformManager: Display: Loaded TargetPlatform 'TVOS'
[2025.09.09-04.26.42:598][  0]LogTargetPlatformManager: Display: Loaded TargetPlatform 'WindowsNoEditor'
[2025.09.09-04.26.42:601][  0]LogTargetPlatformManager: Display: Loaded TargetPlatform 'Windows'
[2025.09.09-04.26.42:605][  0]LogTargetPlatformManager: Display: Loaded TargetPlatform 'WindowsClient'
[2025.09.09-04.26.42:609][  0]LogTargetPlatformManager: Display: Loaded TargetPlatform 'WindowsServer'
[2025.09.09-04.26.42:609][  0]LogTargetPlatformManager: Display: Building Assets For Windows
[2025.09.09-04.26.42:616][  0]LogAudioDebug: Display: Lib vorbis DLL was dynamically loaded.
[2025.09.09-04.26.42:647][  0]LogTextureFormatOodle: Display: Oodle Texture 2.9.0 init RDO Off
[2025.09.09-04.26.42:675][  0]LogRendererCore: Ray tracing is disabled. Reason: r.RayTracing=0.
[2025.09.09-04.26.42:675][  0]LogShaderCompilers: Guid format shader working directory is 35 characters bigger than the processId version (E:/F盘/上传官网/xrz-zj1/Intermediate/Shaders/WorkingDirectory/42616/).
[2025.09.09-04.26.42:675][  0]LogShaderCompilers: Cleaned the shader compiler working directory 'C:/Users/Administrator/AppData/Local/Temp/UnrealShaderWorkingDir/98E3D9764B8F9FBF2175FEB02FA41B1D/'.
[2025.09.09-04.26.42:675][  0]LogXGEController: Cannot use XGE Controller as Incredibuild is not installed on this machine.
[2025.09.09-04.26.42:675][  0]LogShaderCompilers: Cannot use XGE Shader Compiler as Incredibuild is not installed on this machine.
[2025.09.09-04.26.42:675][  0]LogShaderCompilers: Display: Using Local Shader Compiler.
[2025.09.09-04.26.43:309][  0]LogDerivedDataCache: Display: Max Cache Size: 512 MB
[2025.09.09-04.26.43:375][  0]LogDerivedDataCache: Loaded boot cache 0.07s 128MB C:/Users/Administrator/AppData/Local/UnrealEngine/4.27/DerivedDataCache/Boot.ddc.
[2025.09.09-04.26.43:375][  0]LogDerivedDataCache: Display: Loaded Boot cache: C:/Users/Administrator/AppData/Local/UnrealEngine/4.27/DerivedDataCache/Boot.ddc
[2025.09.09-04.26.43:375][  0]LogDerivedDataCache: FDerivedDataBackendGraph:  Pak pak cache file E:/F盘/上传官网/xrz-zj1/DerivedDataCache/DDC.ddp not found, will not use a pak cache.
[2025.09.09-04.26.43:375][  0]LogDerivedDataCache: Unable to find inner node Pak for hierarchical cache Hierarchy.
[2025.09.09-04.26.43:375][  0]LogDerivedDataCache: FDerivedDataBackendGraph:  CompressedPak pak cache file E:/F盘/上传官网/xrz-zj1/DerivedDataCache/Compressed.ddp not found, will not use a pak cache.
[2025.09.09-04.26.43:375][  0]LogDerivedDataCache: Unable to find inner node CompressedPak for hierarchical cache Hierarchy.
[2025.09.09-04.26.43:390][  0]LogDerivedDataCache: Display: Pak cache opened for reading ../../../Engine/DerivedDataCache/Compressed.ddp.
[2025.09.09-04.26.43:390][  0]LogDerivedDataCache: FDerivedDataBackendGraph:  EnterprisePak pak cache file ../../../Enterprise/DerivedDataCache/Compressed.ddp not found, will not use a pak cache.
[2025.09.09-04.26.43:390][  0]LogDerivedDataCache: Unable to find inner node EnterprisePak for hierarchical cache Hierarchy.
[2025.09.09-04.26.43:395][  0]LogDerivedDataCache: Speed tests for C:/Users/Administrator/AppData/Local/UnrealEngine/Common/DerivedDataCache took 0.01 seconds
[2025.09.09-04.26.43:395][  0]LogDerivedDataCache: Display: Performance to C:/Users/Administrator/AppData/Local/UnrealEngine/Common/DerivedDataCache: Latency=0.05ms. RandomReadSpeed=1313.86MBs, RandomWriteSpeed=224.26MBs. Assigned SpeedClass 'Local'
[2025.09.09-04.26.43:396][  0]LogDerivedDataCache: Using Local data cache path C:/Users/Administrator/AppData/Local/UnrealEngine/Common/DerivedDataCache: Writable
[2025.09.09-04.26.43:396][  0]LogDerivedDataCache: Shared data cache path not found in *engine.ini, will not use an Shared cache.
[2025.09.09-04.26.43:396][  0]LogDerivedDataCache: Unable to find inner node Shared for hierarchical cache Hierarchy.
[2025.09.09-04.26.43:427][  0]LogSlate: Using FreeType 2.10.0
[2025.09.09-04.26.43:428][  0]LogSlate: SlateFontServices - WITH_FREETYPE: 1, WITH_HARFBUZZ: 1
[2025.09.09-04.26.43:449][  0]LogAssetRegistry: FAssetRegistry took 0.0021 seconds to start up
[2025.09.09-04.26.43:626][  0]LogInit: Selected Device Profile: [Windows]
[2025.09.09-04.26.43:626][  0]LogInit: Active device profile: [000002A26BE89400][000002A26B4320C0 49] Windows
[2025.09.09-04.26.43:626][  0]LogInit: Profiles: [000002A26BE89400][000002A26B4320C0 49] Windows, [000002A26BE0E900][000002A26AAEA240 49] WindowsNoEditor, [000002A26BE8A200][000002A26AAEE3C0 49] WindowsServer, [000002A26BE0F600][000002A26AAF2540 49] WindowsClient, [000002A26BE8AF00][000002A26AAE6680 49] IOS, [000002A26BE0D600][000002A26AAF67C0 49] iPadAir, [000002A26BE8BC00][000002A26B534900 49] iPadAir2, [000002A26BCDE600][000002A26B57CBC0 49] IPadPro, [000002A26BCDE700][000002A26B574C00 49] iPadAir3, [000002A26BE0C300][000002A26B584D80 49] iPadAir4, [000002A26BCDF500][000002A26B588F00 49] iPadMini2, [000002A26BE0ED00][000002A26B58D080 49] iPadMini3, [000002A26BCDE400][000002A26B5FF200 49] iPadMini4, [000002A26BE0DC00][000002A26B615380 49] iPadMini5, [000002A26BD0DF00][000002A26B61D640 49] iPhone6, [000002A26BD0E000][000002A26B619680 49] iPodTouch6, [000002A26BE8AD00][000002A26B625940 49] iPhone7, [000002A26BE89500][000002A26B621980 49] iPodTouch7, [000002A26BCDF200][000002A26B629B00 49] iPhone5S, [000002A26BE8A000][000002A26B62C100 49] iPhone6Plus, [000002A26BCDD200][000002A26B630280 49] iPhone6S, [000002A26BE8AB00][000002A26B634400 49] iPhone6SPlus, [000002A26BCDCA00][000002A26B638580 49] iPhone7Plus, [000002A26BE89100][000002A26B63C700 49] iPhoneSE, [000002A26BCDC800][000002A26B568840 49] iPhone8, [000002A26BE8AC00][000002A26B640980 49] iPhone8Plus, [000002A26BCDF100][000002A26B644AC0 49] iPhoneX, [000002A26BE88F00][000002A26B64CC40 49] iPhoneXS, [000002A26BCDEF00][000002A26B650DC0 49] iPhoneXSMax, [000002A26BE8A900][000002A26B654F40 49] iPhoneXR, [000002A26BD0C400][000002A26B6590C0 49] iPhone11, [000002A26BCDD300][000002A26B65D240 49] iPhone11Pro, [000002A26BD0CC00][000002A26B6613C0 49] iPhone11ProMax, [000002A26BCDDB00][000002A26B665540 49] iPhoneSE2, [000002A26BD0D400][000002A26B6696C0 49] iPhone12Mini, [000002A26BCDE300][000002A26B66D840 49] iPhone12, [000002A26BD0DA00][000002A26B6719C0 49] iPhone12Pro, [000002A26BCDE100][000002A26B675B40 49] iPhone12ProMax, [000002A26BD0DD00][000002A26B678140 49] iPadPro105, [000002A26BCDDC00][000002A26B67C2C0 49] iPadPro129, [000002A26BD0FF00][000002A26B680440 49] iPadPro97, [000002A26BCDC400][000002A26B6845C0 49] iPadPro2_129, [000002A26BE89D00][000002A26B688740 49] iPad5, [000002A26BD0DE00][000002A26B68C8C0 49] iPad6, [000002A26BCDDF00][000002A26B648A00 49] iPad7, [000002A26BD0C800][000002A26B690B40 49] iPad8, [000002A26BCDFC00][000002A26B694C80 49] iPadPro11, [000002A26BD0C900][000002A26B698DC0 49] iPadPro2_11, [000002A26BCDD400][000002A26B6A0F40 49] iPadPro3_129, [000002A26BD0F500][000002A26B6A50C0 49] iPadPro4_129, [000002A26BCDCD00][000002A26B6A9240 49] AppleTV, [000002A26BD0D000][000002A26B6AD3C0 49] AppleTV4K, [000002A26BCDC100][000002A26B6B1540 49] TVOS, [000002A26BD0CD00][000002A26B6B56C0 49] Mac, [000002A26BCDF700][000002A26B6B9840 49] MacClient, [000002A26BD0E400][000002A26B6BD9C0 49] MacNoEditor, [000002A26BCDD800][000002A26B6C1B40 49] MacServer, [000002A26BD0ED00][000002A26B6C4140 49] Linux, [000002A26BCDE500][000002A26B6C82C0 49] LinuxAArch64, [000002A26BD0CB00][000002A26B6CC440 49] LinuxNoEditor, [000002A26BCDF400][000002A26B6D05C0 49] LinuxAArch64NoEditor, [000002A26BD0D800][000002A26B6D4740 49] LinuxClient, [000002A26BCDC300][000002A26B6D88C0 49] LinuxAArch64Client, [000002A26BD0D200][000002A26B6DCA40 49] LinuxServer, [000002A26BCDF000][000002A26B69CB80 49] LinuxAArch64Server, [000002A26BD0E600][000002A26B6E0CC0 49] Android, [000002A26BCDDD00][000002A26B6E4E00 49] Android_Low, [000002A26BD0E900][000002A26B6E8F40 49] Android_Mid, [000002A26BCDD100][000002A26B6F10C0 49] Android_High, [000002A26BD0C300][000002A26B6F5240 49] Android_Default, [000002A26BCDC500][000002A26B6F93C0 49] Android_Adreno4xx, [000002A26BD0D900][000002A26B6FD540 49] Android_Adreno5xx_Low, [000002A26BCDE900][000002A26B7016C0 49] Android_Adreno5xx, [000002A26BD0CA00][000002A26B705840 49] Android_Adreno6xx, [000002A26BCDFA00][000002A26B7099C0 49] Android_Adreno6xx_Vulkan, [000002A26BD0FB00][000002A26B70DB40 49] Android_Mali_T6xx, [000002A26BCDD600][000002A26B718140 49] Android_Mali_T7xx, [000002A26BD0DC00][000002A26B7282C0 49] Android_Mali_T8xx, [000002A26BCDDA00][000002A26B72C440 49] Android_Mali_G71, [000002A26BD0D100][000002A26AF2A5C0 49] Android_Mali_G72, [000002A26BCDC900][000002A26AF2E740 49] Android_Mali_G72_Vulkan, [000002A26BD0CF00][000002A26AF328C0 49] Android_Mali_G76, [000002A26BCDEC00][000002A26AF36A40 49] Android_Mali_G76_Vulkan, [000002A26BD0D300][000002A26AF3ABC0 49] Android_Mali_G77, [000002A26BCDD000][000002A26AF3ED40 49] Android_Mali_G77_Vulkan, [000002A26BD0EA00][000002A26B6ECE80 49] Android_Mali_G78, [000002A26BCDCC00][000002A26AF42FC0 49] Android_Mali_G78_Vulkan, [000002A26BD0E800][000002A26AF47100 49] Android_Mali_G710, [000002A26BCDC700][000002A26AF4F280 49] Android_Mali_G710_Vulkan, [000002A26BE0DD00][000002A26AF53400 49] Android_Vulkan_SM5, [000002A26BE88E00][000002A26AF57580 49] Android_PowerVR_G6xxx, [000002A26BE0CB00][000002A26AF5B700 49] Android_PowerVR_GT7xxx, [000002A26BE88400][000002A26AF5F880 49] Android_PowerVR_GE8xxx, [000002A26BE0F300][000002A26AF63A00 49] Android_PowerVR_GM9xxx, [000002A26BE8BF00][000002A26AF67B80 49] Android_PowerVR_GM9xxx_Vulkan, [000002A26BE0CD00][000002A26AF6A180 49] Android_TegraK1, [000002A26BE8AA00][000002A26AF6E300 49] Android_Unknown_Vulkan, [000002A26BE0D700][000002A26AF72480 49] Lumin, [000002A26BE8B400][000002A26AF76600 49] Lumin_Desktop, [000002A26BE0C400][000002A26AF7A780 49] HoloLens, 
[2025.09.09-04.26.43:730][  0]LogMeshReduction: Using QuadricMeshReduction for automatic static mesh reduction
[2025.09.09-04.26.43:730][  0]LogMeshReduction: Using SimplygonMeshReduction for automatic skeletal mesh reduction
[2025.09.09-04.26.43:730][  0]LogMeshReduction: Using ProxyLODMeshReduction for automatic mesh merging
[2025.09.09-04.26.43:730][  0]LogMeshReduction: No distributed automatic mesh merging module available
[2025.09.09-04.26.43:730][  0]LogMeshMerging: No distributed automatic mesh merging module available
[2025.09.09-04.26.43:742][  0]LogNetVersion: model 1.0.0, NetCL: 17155196, EngineNetVer: 17, GameNetVer: 0 (Checksum: 3530826561)
[2025.09.09-04.26.44:075][  0]LogTexture: Default maximum texture size for cubemaps generated from long-lat sources has been changed from 512 to unlimited. In order to preserve old behaiour for '/Engine/MapTemplates/Sky/DaylightAmbientCubemap.DaylightAmbientCubemap', its maximum texture size has been explicitly set to 512.
[2025.09.09-04.26.44:134][  0]LogHMD: PokeAHoleMaterial loaded successfully
[2025.09.09-04.26.44:139][  0]LogUObjectArray: 17178 objects as part of root set at end of initial load.
[2025.09.09-04.26.44:139][  0]LogUObjectAllocator: 4302048 out of 0 bytes used by permanent object pool.
[2025.09.09-04.26.44:139][  0]LogUObjectArray: CloseDisregardForGC: 0/0 objects in disregard for GC pool
[2025.09.09-04.26.44:284][  0]LogPython: Using Python 3.7.7
[2025.09.09-04.26.44:744][  0]LogNiagaraDebuggerClient: Niagara Debugger Client Initialized | Session: 4C78C4B6498F9E2F4994D6A84BA1F266 | Instance: 250C4441461AFC11DE8656AEB7658AF9 (NEW-42616).
[2025.09.09-04.26.44:798][  0]LogTcpMessaging: Initializing TcpMessaging bridge
[2025.09.09-04.26.44:811][  0]LogUdpMessaging: Initializing bridge on interface 0.0.0.0:0 to multicast group 230.0.0.1:6666.
[2025.09.09-04.26.45:024][  0]SourceControl: 源码管理已禁用
[2025.09.09-04.26.45:024][  0]SourceControl: 源码管理已禁用
[2025.09.09-04.26.45:034][  0]SourceControl: 源码管理已禁用
[2025.09.09-04.26.45:037][  0]SourceControl: 源码管理已禁用
[2025.09.09-04.26.45:054][  0]SourceControl: 源码管理已禁用
[2025.09.09-04.26.45:068][  0]LogUProjectInfo: Found projects:
[2025.09.09-04.26.45:074][  0]LogVSAccessor: Display: Unable to create Visual Studio setup instance: 80040154
[2025.09.09-04.26.45:075][  0]LogVSAccessor: Display: Unable to create Visual Studio setup instance: 80040154
[2025.09.09-04.26.45:075][  0]LogVSAccessor: Display: Unable to create Visual Studio setup instance: 80040154
[2025.09.09-04.26.45:185][  0]LogOpenImageDenoise: OIDN starting up
[2025.09.09-04.26.45:231][  0]LogAndroidPermission: UAndroidPermissionCallbackProxy::GetInstance
[2025.09.09-04.26.45:251][  0]LogAudioCaptureCore: Display: No Audio Capture implementations found. Audio input will be silent.
[2025.09.09-04.26.45:251][  0]LogAudioCaptureCore: Display: No Audio Capture implementations found. Audio input will be silent.
[2025.09.09-04.26.45:406][  0]LogOcInput: OculusInput pre-init called
[2025.09.09-04.26.45:579][  0]LogCollectionManager: Loaded 0 collections in 0.000665 seconds
[2025.09.09-04.26.45:631][  0]LogFileCache: Scanning file cache for directory 'E:/F盘/上传官网/xrz-zj1/Saved/Collections/' took 0.00s
[2025.09.09-04.26.45:631][  0]LogFileCache: Scanning file cache for directory 'E:/F盘/上传官网/xrz-zj1/Content/Developers/Administrator/Collections/' took 0.00s
[2025.09.09-04.26.45:631][  0]LogFileCache: Scanning file cache for directory 'E:/F盘/上传官网/xrz-zj1/Content/Collections/' took 0.00s
[2025.09.09-04.26.45:631][  0]LogEngine: Initializing Engine...
[2025.09.09-04.26.45:633][  0]LogHMD: Failed to enumerate extensions. Please check that you have a valid OpenXR runtime installed.
[2025.09.09-04.26.45:633][  0]LogHMD: Failed to initialize OpenVR with code 110
[2025.09.09-04.26.45:633][  0]LogMagicLeap: Warning: VR disabled because ZI is not enabled.  To enable, in the editor, Edit -> Project Settings -> Plugins -> Magic Leap Plugin -> Enable Zero Iteration
[2025.09.09-04.26.45:634][  0]LogStats: UGameplayTagsManager::InitializeManager -  0.000 s
[2025.09.09-04.26.45:751][  0]LogInit: Initializing FReadOnlyCVARCache
[2025.09.09-04.26.45:758][  0]LogAIModule: Creating AISystem for world Untitled
[2025.09.09-04.26.45:769][  0]LogAudio: Display: Initializing Audio Device Manager...
[2025.09.09-04.26.45:772][  0]LogAudio: Display: Loading Default Audio Settings Objects...
[2025.09.09-04.26.45:772][  0]LogAudio: Display: No default SoundConcurrencyObject specified (or failed to load).
[2025.09.09-04.26.45:773][  0]LogAudio: Display: Audio Device Manager Initialized
[2025.09.09-04.26.45:773][  0]LogAudio: Display: Creating Audio Device:                 Id: 1, Scope: Shared, Realtime: True
[2025.09.09-04.26.45:773][  0]LogAudioMixer: Display: Audio Mixer Platform Settings:
[2025.09.09-04.26.45:773][  0]LogAudioMixer: Display: 	Sample Rate:						  48000
[2025.09.09-04.26.45:773][  0]LogAudioMixer: Display: 	Callback Buffer Frame Size Requested: 1024
[2025.09.09-04.26.45:773][  0]LogAudioMixer: Display: 	Callback Buffer Frame Size To Use:	  1024
[2025.09.09-04.26.45:773][  0]LogAudioMixer: Display: 	Number of buffers to queue:			  2
[2025.09.09-04.26.45:773][  0]LogAudioMixer: Display: 	Max Channels (voices):				  32
[2025.09.09-04.26.45:773][  0]LogAudioMixer: Display: 	Number of Async Source Workers:		  0
[2025.09.09-04.26.45:773][  0]LogAudio: Display: AudioDevice MaxSources: 32
[2025.09.09-04.26.45:773][  0]LogAudio: Display: Audio Spatialization Plugin: None (built-in).
[2025.09.09-04.26.45:773][  0]LogAudio: Display: Audio Reverb Plugin: None (built-in).
[2025.09.09-04.26.45:773][  0]LogAudio: Display: Audio Occlusion Plugin: None (built-in).
[2025.09.09-04.26.45:773][  0]LogAudioMixer: Display: Initializing audio mixer.
[2025.09.09-04.26.45:783][  0]LogAudioMixer: Display: 0: FrontLeft
[2025.09.09-04.26.45:783][  0]LogAudioMixer: Display: 1: FrontRight
[2025.09.09-04.26.45:801][  0]LogAudioMixer: Display: Using Audio Device DELL E1914H (NVIDIA High Definition Audio)
[2025.09.09-04.26.45:804][  0]LogAudioMixer: Display: Initializing Sound Submixes...
[2025.09.09-04.26.45:806][  0]LogAudioMixer: Display: Creating Master Submix 'MasterSubmixDefault'
[2025.09.09-04.26.45:806][  0]LogAudioMixer: Display: Creating Master Submix 'MasterReverbSubmixDefault'
[2025.09.09-04.26.45:807][  0]LogAudioMixer: Display: Creating Master Submix 'MasterEQSubmixDefault'
[2025.09.09-04.26.45:807][  0]LogAudioMixer: FMixerPlatformXAudio2::StartAudioStream() called
[2025.09.09-04.26.45:807][  0]LogAudioMixer: Display: Output buffers initialized: Frames=1024, Channels=2, Samples=2048
[2025.09.09-04.26.45:808][  0]LogAudioMixer: Display: Starting AudioMixerPlatformInterface::RunInternal()
[2025.09.09-04.26.45:808][  0]LogAudioMixer: Display: FMixerPlatformXAudio2::SubmitBuffer() called for the first time
[2025.09.09-04.26.45:808][  0]LogInit: FAudioDevice initialized.
[2025.09.09-04.26.45:808][  0]LogAudio: Display: Audio Device (ID: 1) registered with world 'Untitled'.
[2025.09.09-04.26.45:808][  0]LogNetVersion: Set ProjectVersion to 1.0.0.0. Version Checksum will be recalculated on next use.
[2025.09.09-04.26.45:893][  0]LogDerivedDataCache: Saved boot cache 0.08s 112MB C:/Users/Administrator/AppData/Local/UnrealEngine/4.27/DerivedDataCache/Boot.ddc.
[2025.09.09-04.26.45:896][  0]LogInit: Texture streaming: Enabled
[2025.09.09-04.26.45:907][  0]LogAnalytics: Display: [UEEditor.Rocket.Release] APIServer = https://datarouter.ol.epicgames.com/. AppVersion = 4.27.2-18319896+++UE4+Release-4.27
[2025.09.09-04.26.45:910][  0]LogEngineSessionManager: EngineSessionManager initialized
[2025.09.09-04.26.45:910][  0]LogEditorSessionSummary: Verbose: Initializing EditorSessionSummaryWriter for editor session tracking
[2025.09.09-04.26.45:912][  0]LogEditorSessionSummary: EditorSessionSummaryWriter initialized
[2025.09.09-04.26.45:927][  0]LogInit: Transaction tracking system initialized
[2025.09.09-04.26.45:946][  0]BlueprintLog: New page: 编辑器加载
[2025.09.09-04.26.46:002][  0]LocalizationService: 本地化服务已禁用
[2025.09.09-04.26.46:022][  0]TimingProfiler: Initialize
[2025.09.09-04.26.46:022][  0]TimingProfiler: OnSessionChanged
[2025.09.09-04.26.46:022][  0]LoadingProfiler: Initialize
[2025.09.09-04.26.46:022][  0]LoadingProfiler: OnSessionChanged
[2025.09.09-04.26.46:022][  0]NetworkingProfiler: Initialize
[2025.09.09-04.26.46:022][  0]NetworkingProfiler: OnSessionChanged
[2025.09.09-04.26.46:022][  0]MemoryProfiler: Initialize
[2025.09.09-04.26.46:022][  0]MemoryProfiler: OnSessionChanged
[2025.09.09-04.26.46:072][  0]LogVSAccessor: Display: Unable to create Visual Studio setup instance: 80040154
[2025.09.09-04.26.46:073][  0]LogVSAccessor: Display: Unable to create Visual Studio setup instance: 80040154
[2025.09.09-04.26.46:073][  0]LogVSAccessor: Display: Unable to create Visual Studio setup instance: 80040154
[2025.09.09-04.26.46:147][  0]LogCook: Display: CookSettings for Memory: MemoryMaxUsedVirtual 0MiB, MemoryMaxUsedPhysical 16384MiB, MemoryMinFreeVirtual 0MiB, MemoryMinFreePhysical 1024MiB
[2025.09.09-04.26.46:147][  0]LogCook: Display: Mobile HDR setting 1
[2025.09.09-04.26.46:208][  0]LogFileCache: Scanning file cache for directory 'E:/F盘/上传官网/xrz-zj1/Content/' took 0.00s
[2025.09.09-04.26.46:486][  0]LogInit: Display: Engine is initialized. Leaving FEngineLoop::Init()
[2025.09.09-04.26.46:489][  0]SourceControl: 源码管理已禁用
[2025.09.09-04.26.46:489][  0]LogUnrealEdMisc: Loading editor; pre map load, took 6.091
[2025.09.09-04.26.46:489][  0]Cmd: MAP LOAD FILE="E:/F盘/上传官网/xrz-zj1/Content/CityColor/Map/model.umap" TEMPLATE=0 SHOWPROGRESS=1 FEATURELEVEL=3
[2025.09.09-04.26.46:489][  0]LightingResults: New page: 光照构建
[2025.09.09-04.26.46:490][  0]LogWorld: UWorld::CleanupWorld for Untitled, bSessionEnded=true, bCleanupResources=true
[2025.09.09-04.26.46:490][  0]LogSlate: InvalidateAllWidgets triggered.  All widgets were invalidated
[2025.09.09-04.26.46:490][  0]MapCheck: New page: 地图检测
[2025.09.09-04.26.46:490][  0]LightingResults: New page: 光照构建
[2025.09.09-04.26.46:494][  0]LogAudio: Display: Audio Device unregistered from world 'None'.
[2025.09.09-04.26.46:497][  0]LogUObjectHash: Compacting FUObjectHashTables data took   0.76ms
[2025.09.09-04.26.46:893][  0]LogTexture: Display: 正在编译纹理：T_Fleshiness_12（OODLE_AutoDXT、204X512）
[2025.09.09-04.26.46:893][  0]LogTexture: Display: 正在编译纹理：T_Fleshiness_02（OODLE_AutoDXT、232X512）
[2025.09.09-04.26.46:893][  0]LogTexture: Display: 正在编译纹理：T_Fleshiness_10（BGRA8、382X512）
[2025.09.09-04.26.46:893][  0]LogTexture: Display: 正在编译纹理：T_Cac_sec29（OODLE_AutoDXT、1024X680）
[2025.09.09-04.26.46:893][  0]LogTextureFormatOodle: Display: non-RDO encode 1024 x 680 x 1 to format OODLE_AutoDXT (Oodle OodleTex_BC1_WithTransparency) lambda=0 effort=20 
[2025.09.09-04.26.46:893][  0]LogTexture: Display: 正在编译纹理：T_Cac_sec29_NM（OODLE_BC5、1024X680）
[2025.09.09-04.26.46:893][  0]LogTextureFormatOodle: Display: non-RDO encode 1024 x 680 x 1 to format OODLE_BC5 (Oodle OodleTex_BC5U) lambda=0 effort=20 
[2025.09.09-04.26.46:893][  0]LogTexture: Display: 正在编译纹理：T_Cac_sec38（OODLE_AutoDXT、1500X1500）
[2025.09.09-04.26.46:893][  0]LogTextureFormatOodle: Display: non-RDO encode 1500 x 1500 x 1 to format OODLE_AutoDXT (Oodle OodleTex_BC1_WithTransparency) lambda=0 effort=20 
[2025.09.09-04.26.46:893][  0]LogStaticMesh: 正在构建静态网格体SM_succulent063……
[2025.09.09-04.26.47:346][  0]LogTexture: Display: 正在编译纹理：T_Cac_sec39（OODLE_AutoDXT、2000X2000）
[2025.09.09-04.26.47:346][  0]LogTexture: Display: 正在编译纹理：T_Cac_sec38_NM（OODLE_BC5、1500X1500）
[2025.09.09-04.26.47:346][  0]LogTextureFormatOodle: Display: non-RDO encode 2000 x 2000 x 1 to format OODLE_AutoDXT (Oodle OodleTex_BC1_WithTransparency) lambda=0 effort=20 
[2025.09.09-04.26.47:346][  0]LogTextureFormatOodle: Display: non-RDO encode 1500 x 1500 x 1 to format OODLE_BC5 (Oodle OodleTex_BC5U) lambda=0 effort=20 
[2025.09.09-04.26.47:346][  0]LogTexture: Display: 正在编译纹理：T_Cac_sec39_NM（OODLE_BC5、2000X2000）
[2025.09.09-04.26.47:346][  0]LogTextureFormatOodle: Display: non-RDO encode 2000 x 2000 x 1 to format OODLE_BC5 (Oodle OodleTex_BC5U) lambda=0 effort=20 
[2025.09.09-04.26.47:346][  0]LogTexture: Display: 正在编译纹理：T_Cac_sec60（BGRA8、2691X1200）
[2025.09.09-04.26.47:346][  0]LogTexture: Display: 正在编译纹理：T_Cac_sec60_NM（BGRA8、2691X1200）
[2025.09.09-04.26.47:346][  0]LogTexture: Display: 正在编译纹理：T_Cac_sec55（BGRA8、2691X1200）
[2025.09.09-04.26.47:346][  0]LogTexture: Display: 正在编译纹理：T_Cac_sec55_NM（BGRA8、2691X1200）
[2025.09.09-04.26.47:346][  0]LogTexture: Display: 正在编译纹理：T_d40（OODLE_AutoDXT、512X2048）
[2025.09.09-04.26.47:346][  0]LogTexture: Display: 正在编译纹理：T_Fleshiness_11（OODLE_AutoDXT、512X512）
[2025.09.09-04.26.47:346][  0]LogTextureFormatOodle: Display: non-RDO encode 512 x 2048 x 1 to format OODLE_AutoDXT (Oodle OodleTex_BC1_WithTransparency) lambda=0 effort=20 
[2025.09.09-04.26.47:346][  0]LogTexture: Display: 正在编译纹理：T_Cac_sec45（OODLE_AutoDXT、2048X2048）
[2025.09.09-04.26.47:346][  0]LogTexture: Display: 正在编译纹理：T_d20（OODLE_AutoDXT、512X2048）
[2025.09.09-04.26.47:346][  0]LogStaticMesh: Built static mesh [0.45s] /Game/CityColor/Mesh/SM_succulent063.SM_succulent063
[2025.09.09-04.26.47:354][  0]LogTexture: Display: 正在编译纹理：T_Cac_sec45_NM（OODLE_BC5、2048X2048）
[2025.09.09-04.26.47:354][  0]LogStaticMesh: 正在构建静态网格体SM_succulent062……
[2025.09.09-04.26.47:455][  0]LogTexture: Display: 正在编译纹理：T_Fleshiness_17（BGRA8、382X512）
[2025.09.09-04.26.47:455][  0]LogTexture: Display: 正在编译纹理：T_Fleshiness_13（OODLE_AutoDXT、512X512）
[2025.09.09-04.26.47:455][  0]LogTextureFormatOodle: Display: non-RDO encode 2048 x 2048 x 1 to format OODLE_AutoDXT (Oodle OodleTex_BC1_WithTransparency) lambda=0 effort=20 
[2025.09.09-04.26.47:455][  0]LogTextureFormatOodle: Display: non-RDO encode 512 x 2048 x 1 to format OODLE_AutoDXT (Oodle OodleTex_BC1_WithTransparency) lambda=0 effort=20 
[2025.09.09-04.26.47:455][  0]LogTexture: Display: 正在编译纹理：T_Branch01_BaseColor（OODLE_AutoDXT、1000X1000）
[2025.09.09-04.26.47:455][  0]LogTexture: Display: 正在编译纹理：T_Fleshiness_14（OODLE_AutoDXT、512X248）
[2025.09.09-04.26.47:628][  0]LogTexture: Display: 正在编译纹理：T_d41（OODLE_AutoDXT、512X8192）
[2025.09.09-04.26.47:628][  0]LogStaticMesh: Built static mesh [0.27s] /Game/CityColor/Mesh/SM_succulent062.SM_succulent062
[2025.09.09-04.26.47:632][  0]LogTextureFormatOodle: Display: non-RDO encode 256 x 1024 x 1 to format OODLE_AutoDXT (Oodle OodleTex_BC1_WithTransparency) lambda=0 effort=20 
[2025.09.09-04.26.47:632][  0]LogTextureFormatOodle: Display: non-RDO encode 256 x 1024 x 1 to format OODLE_AutoDXT (Oodle OodleTex_BC1_WithTransparency) lambda=0 effort=20 
[2025.09.09-04.26.47:632][  0]LogTexture: Display: 正在编译纹理：T_Fleshiness_19（OODLE_AutoDXT、100X100）
[2025.09.09-04.26.47:632][  0]LogStaticMesh: 正在构建静态网格体SM_succulent061……
[2025.09.09-04.26.48:000][  0]LogTextureFormatOodle: Display: non-RDO encode 2048 x 2048 x 1 to format OODLE_BC5 (Oodle OodleTex_BC5U) lambda=0 effort=20 
[2025.09.09-04.26.48:001][  0]LogTextureFormatOodle: Display: non-RDO encode 1024 x 1024 x 1 to format OODLE_AutoDXT (Oodle OodleTex_BC1_WithTransparency) lambda=0 effort=20 
[2025.09.09-04.26.48:001][  0]LogTexture: Display: 正在编译纹理：T_Fleshiness_16（OODLE_AutoDXT、512X512）
[2025.09.09-04.26.48:001][  0]LogTexture: Display: 正在编译纹理：T_Fleshiness_09（OODLE_AutoDXT、512X512）
[2025.09.09-04.26.48:001][  0]LogTextureFormatOodle: Display: non-RDO encode 64 x 1024 x 1 to format OODLE_AutoDXT (Oodle OodleTex_BC1_WithTransparency) lambda=0 effort=20 
[2025.09.09-04.26.48:001][  0]LogTexture: Display: 正在编译纹理：T_n41（OODLE_BC5、512X8192）
[2025.09.09-04.26.48:001][  0]LogTexture: Display: 正在编译纹理：T_Fleshiness_08（BGRA8、382X512）
[2025.09.09-04.26.48:001][  0]LogTexture: Display: 正在编译纹理：T_Fleshiness_15（OODLE_AutoDXT、512X512）
[2025.09.09-04.26.48:001][  0]LogTexture: Display: 正在编译纹理：T_Fleshiness_04（BGRA8、382X512）
[2025.09.09-04.26.48:001][  0]LogTexture: Display: 正在编译纹理：T_Fleshiness_20（BGRA8、382X512）
[2025.09.09-04.26.48:001][  0]LogTextureFormatOodle: Display: non-RDO encode 512 x 8192 x 1 to format OODLE_AutoDXT (Oodle OodleTex_BC1_WithTransparency) lambda=0 effort=20 
[2025.09.09-04.26.48:001][  0]LogTextureFormatOodle: Display: non-RDO encode 1024 x 1024 x 1 to format OODLE_BC5 (Oodle OodleTex_BC5U) lambda=0 effort=20 
[2025.09.09-04.26.48:001][  0]LogTexture: Display: 正在编译纹理：HQ_Lightmap0_5（BGRA8、512X512）
[2025.09.09-04.26.48:001][  0]LogTexture: Display: 正在编译纹理：HQ_Lightmap0_6（BGRA8、128X128）
[2025.09.09-04.26.48:001][  0]LogTexture: Display: 正在编译纹理：HQ_Lightmap0_4（BGRA8、1024X1024）
[2025.09.09-04.26.48:001][  0]LogTexture: Display: 正在编译纹理：HQ_Lightmap1_1（BGRA8、1024X1024）
[2025.09.09-04.26.48:001][  0]LogTextureFormatOodle: Display: non-RDO encode 64 x 1024 x 1 to format OODLE_BC5 (Oodle OodleTex_BC5U) lambda=0 effort=20 
[2025.09.09-04.26.48:001][  0]LogTexture: Display: 正在编译纹理：HQ_Lightmap1_2（BGRA8、1024X1024）
[2025.09.09-04.26.48:001][  0]LogTexture: Display: 正在编译纹理：LQ_Lightmap_0_5（BGRA8、512X512）
[2025.09.09-04.26.48:001][  0]LogTexture: Display: 正在编译纹理：HQ_Lightmap1_3（BGRA8、1024X1024）
[2025.09.09-04.26.48:001][  0]LogTexture: Display: 正在编译纹理：LQ_Lightmap_0_6（BGRA8、128X128）
[2025.09.09-04.26.48:001][  0]LogTexture: Display: 正在编译纹理：LQ_Lightmap_1_1（BGRA8、1024X1024）
[2025.09.09-04.26.48:001][  0]LogTexture: Display: 正在编译纹理：LQ_Lightmap_1_2（BGRA8、1024X1024）
[2025.09.09-04.26.48:001][  0]LogTexture: Display: 正在编译纹理：LQ_Lightmap_0_4（BGRA8、1024X1024）
[2025.09.09-04.26.48:001][  0]LogTexture: Display: 正在编译纹理：NewReflectionComponentTextureD81F9BB042E1DE8F76AE74A3F221257E（BGRA8、128X128）
[2025.09.09-04.26.48:001][  0]LogTexture: Display: 正在编译纹理：T_Fleshiness_05（BGRA8、382X512）
[2025.09.09-04.26.48:001][  0]LogTexture: Display: 正在编译纹理：T_Fleshiness_06（BGRA8、382X512）
[2025.09.09-04.26.48:001][  0]LogTexture: Display: 正在编译纹理：T_Fleshiness_07（BGRA8、382X512）
[2025.09.09-04.26.48:001][  0]LogTexture: Display: 正在编译纹理：T_Fleshiness_01（BGRA8、48X281）
[2025.09.09-04.26.48:001][  0]LogTexture: Display: 正在编译纹理：LQ_Lightmap_1_3（BGRA8、1024X1024）
[2025.09.09-04.26.48:001][  0]LogTextureFormatOodle: Display: non-RDO encode 256 x 4096 x 1 to format OODLE_AutoDXT (Oodle OodleTex_BC1_WithTransparency) lambda=0 effort=20 
[2025.09.09-04.26.48:001][  0]LogTextureFormatOodle: Display: non-RDO encode 128 x 2048 x 1 to format OODLE_AutoDXT (Oodle OodleTex_BC1_WithTransparency) lambda=0 effort=20 
[2025.09.09-04.26.48:001][  0]LogTexture: Display: 正在编译纹理：T_Fleshiness_18（OODLE_AutoDXT、512X512）
[2025.09.09-04.26.48:001][  0]LogTextureFormatOodle: Display: non-RDO encode 512 x 8192 x 1 to format OODLE_BC5 (Oodle OodleTex_BC5U) lambda=0 effort=20 
[2025.09.09-04.26.48:001][  0]LogStaticMesh: Built static mesh [0.37s] /Game/CityColor/Mesh/SM_succulent061.SM_succulent061
[2025.09.09-04.26.48:006][  0]LogStaticMesh: 正在构建静态网格体SM_succulent065……
[2025.09.09-04.26.48:722][  0]LogTextureFormatOodle: Display: non-RDO encode 256 x 4096 x 1 to format OODLE_BC5 (Oodle OodleTex_BC5U) lambda=0 effort=20 
[2025.09.09-04.26.48:722][  0]LogTextureFormatOodle: Display: non-RDO encode 128 x 2048 x 1 to format OODLE_BC5 (Oodle OodleTex_BC5U) lambda=0 effort=20 
[2025.09.09-04.26.48:722][  0]LogTexture: Display: 正在编译纹理：T_Grassland_01（OODLE_AutoDXT、4096X4096）
[2025.09.09-04.26.48:722][  0]LogTextureFormatOodle: Display: non-RDO encode 1024 x 1024 x 1 to format OODLE_AutoDXT (Oodle OodleTex_BC1_WithTransparency) lambda=0 effort=20 
[2025.09.09-04.26.48:722][  0]LogTextureFormatOodle: Display: non-RDO encode 4096 x 4096 x 1 to format OODLE_AutoDXT (Oodle OodleTex_BC1_WithTransparency) lambda=0 effort=20 
[2025.09.09-04.26.48:722][  0]LogTextureFormatOodle: Display: non-RDO encode 2048 x 2048 x 1 to format OODLE_AutoDXT (Oodle OodleTex_BC1_WithTransparency) lambda=0 effort=20 
[2025.09.09-04.26.48:722][  0]LogTexture: Display: 正在编译纹理：Ground_JA8_Normal（OODLE_BC5、4096X4096）
[2025.09.09-04.26.50:042][  0]LogTextureFormatOodle: Display: non-RDO encode 4096 x 4096 x 1 to format OODLE_BC5 (Oodle OodleTex_BC5U) lambda=0 effort=20 
[2025.09.09-04.26.50:042][  0]LogTextureFormatOodle: Display: non-RDO encode 2048 x 2048 x 1 to format OODLE_BC5 (Oodle OodleTex_BC5U) lambda=0 effort=20 
[2025.09.09-04.26.50:042][  0]LogTextureFormatOodle: Display: non-RDO encode 1024 x 1024 x 1 to format OODLE_BC5 (Oodle OodleTex_BC5U) lambda=0 effort=20 
[2025.09.09-04.26.50:160][  0]LogStaticMesh: Built static mesh [2.15s] /Game/CityColor/Mesh/SM_succulent065.SM_succulent065
[2025.09.09-04.26.50:197][  0]LogMaterial: Display: Missing cached shadermap for M_Model in PCD3D_SM5, Default, SM5 (DDC key hash: 0F6639866515FA2C87DC7F05DC66E3E907258D3E), compiling. 
[2025.09.09-04.26.50:257][  0]LogShaderCompilers: Display: Submitted 30 shader compile jobs with 'Low' priority
[2025.09.09-04.26.50:259][  0]LogShaderCompilers: Display: Worker (1/9): shaders left to compile 30
[2025.09.09-04.26.50:259][  0]LogShaderCompilers: Display: Worker (2/9): shaders left to compile 26
[2025.09.09-04.26.50:259][  0]LogShaderCompilers: Display: Worker (3/9): shaders left to compile 22
[2025.09.09-04.26.50:259][  0]LogShaderCompilers: Display: Worker (4/9): shaders left to compile 18
[2025.09.09-04.26.50:259][  0]LogShaderCompilers: Display: Worker (5/9): shaders left to compile 14
[2025.09.09-04.26.50:259][  0]LogShaderCompilers: Display: Worker (6/9): shaders left to compile 10
[2025.09.09-04.26.50:259][  0]LogShaderCompilers: Display: Worker (7/9): shaders left to compile 6
[2025.09.09-04.26.50:259][  0]LogShaderCompilers: Display: Worker (8/9): shaders left to compile 2
[2025.09.09-04.26.50:259][  0]LogShaderCompilers: Display: Started 30 'Local' shader compile jobs with 'Low' priority
[2025.09.09-04.26.50:259][  0]LogMaterial: Display: Missing cached shadermap for MI_fleshiness_02 in PCD3D_SM5, Default, SM5 (DDC key hash: A2032A397BA59C17400751987A9C03BE47560066), compiling. 
[2025.09.09-04.26.50:277][  0]LogShaderCompilers: Display: Submitted 30 shader compile jobs with 'Low' priority
[2025.09.09-04.26.50:278][  0]LogStaticMesh: 正在构建静态网格体SM_succulent064……
[2025.09.09-04.26.51:520][  0]LogShaderCompilers: Display: Worker (9/9): shaders left to compile 30
[2025.09.09-04.26.51:520][  0]LogShaderCompilers: Display: Started 4 'Local' shader compile jobs with 'Low' priority
[2025.09.09-04.26.52:397][  0]LogShaderCompilers: Display: Worker (8/9): shaders left to compile 26
[2025.09.09-04.26.52:397][  0]LogShaderCompilers: Display: Started 3 'Local' shader compile jobs with 'Low' priority
[2025.09.09-04.26.52:397][  0]LogStaticMesh: Built static mesh [2.12s] /Game/CityColor/Mesh/SM_succulent064.SM_succulent064
[2025.09.09-04.26.52:428][  0]LogStaticMesh: 正在构建静态网格体SM_succulent060……
[2025.09.09-04.26.52:755][  0]LogShaderCompilers: Display: Worker (1/9): shaders left to compile 23
[2025.09.09-04.26.52:755][  0]LogShaderCompilers: Display: Started 3 'Local' shader compile jobs with 'Low' priority
[2025.09.09-04.26.52:755][  0]LogShaderCompilers: Display: Worker (6/9): shaders left to compile 20
[2025.09.09-04.26.52:755][  0]LogShaderCompilers: Display: Started 3 'Local' shader compile jobs with 'Low' priority
[2025.09.09-04.26.52:755][  0]LogShaderCompilers: Display: Worker (4/9): shaders left to compile 17
[2025.09.09-04.26.52:755][  0]LogShaderCompilers: Display: Started 2 'Local' shader compile jobs with 'Low' priority
[2025.09.09-04.26.52:755][  0]LogShaderCompilers: Display: Worker (9/9): shaders left to compile 15
[2025.09.09-04.26.52:755][  0]LogShaderCompilers: Display: Started 2 'Local' shader compile jobs with 'Low' priority
[2025.09.09-04.26.54:558][  0]LogShaderCompilers: Display: Worker (5/9): shaders left to compile 13
[2025.09.09-04.26.54:558][  0]LogShaderCompilers: Display: Started 2 'Local' shader compile jobs with 'Low' priority
[2025.09.09-04.26.54:558][  0]LogShaderCompilers: Display: Worker (3/9): shaders left to compile 11
[2025.09.09-04.26.54:558][  0]LogShaderCompilers: Display: Started 2 'Local' shader compile jobs with 'Low' priority
[2025.09.09-04.26.54:558][  0]LogShaderCompilers: Display: Worker (2/9): shaders left to compile 9
[2025.09.09-04.26.54:558][  0]LogShaderCompilers: Display: Started 2 'Local' shader compile jobs with 'Low' priority
[2025.09.09-04.26.54:558][  0]LogShaderCompilers: Display: Worker (7/9): shaders left to compile 7
[2025.09.09-04.26.54:558][  0]LogShaderCompilers: Display: Started 1 'Local' shader compile jobs with 'Low' priority
[2025.09.09-04.26.54:558][  0]LogShaderCompilers: Display: Worker (8/9): shaders left to compile 6
[2025.09.09-04.26.54:558][  0]LogShaderCompilers: Display: Started 1 'Local' shader compile jobs with 'Low' priority
[2025.09.09-04.26.54:558][  0]LogShaderCompilers: Display: Worker (9/9): shaders left to compile 5
[2025.09.09-04.26.54:558][  0]LogShaderCompilers: Display: Started 1 'Local' shader compile jobs with 'Low' priority
[2025.09.09-04.26.54:558][  0]LogShaderCompilers: Display: Worker (1/9): shaders left to compile 4
[2025.09.09-04.26.54:558][  0]LogShaderCompilers: Display: Started 1 'Local' shader compile jobs with 'Low' priority
[2025.09.09-04.26.54:558][  0]LogShaderCompilers: Display: Worker (7/9): shaders left to compile 3
[2025.09.09-04.26.54:558][  0]LogShaderCompilers: Display: Started 1 'Local' shader compile jobs with 'Low' priority
[2025.09.09-04.26.54:558][  0]LogShaderCompilers: Display: Worker (8/9): shaders left to compile 2
[2025.09.09-04.26.54:558][  0]LogShaderCompilers: Display: Started 1 'Local' shader compile jobs with 'Low' priority
[2025.09.09-04.26.54:558][  0]LogShaderCompilers: Display: Worker (9/9): shaders left to compile 1
[2025.09.09-04.26.54:558][  0]LogShaderCompilers: Display: Started 1 'Local' shader compile jobs with 'Low' priority
[2025.09.09-04.26.57:473][  0]LogStaticMesh: Built static mesh [5.04s] /Game/CityColor/Mesh/SM_succulent060.SM_succulent060
[2025.09.09-04.26.57:540][  0]LogStaticMesh: 正在构建静态网格体SM_succulent059……
[2025.09.09-04.26.58:415][  0]LogStaticMesh: Built static mesh [0.87s] /Game/CityColor/Mesh/SM_succulent059.SM_succulent059
[2025.09.09-04.26.58:434][  0]LogStaticMesh: 正在构建静态网格体SM_succulent054……
[2025.09.09-04.26.58:532][  0]LogStaticMesh: Built static mesh [0.10s] /Game/CityColor/Mesh/SM_succulent054.SM_succulent054
[2025.09.09-04.26.58:534][  0]LogStaticMesh: 正在构建静态网格体SM_succulent053……
[2025.09.09-04.27.00:050][  0]LogStaticMesh: Built static mesh [1.52s] /Game/CityColor/Mesh/SM_succulent053.SM_succulent053
[2025.09.09-04.27.00:077][  0]LogStaticMesh: 正在构建静态网格体SM_succulent051……
[2025.09.09-04.27.00:784][  0]LogStaticMesh: Built static mesh [0.71s] /Game/CityColor/Mesh/SM_succulent051.SM_succulent051
[2025.09.09-04.27.00:796][  0]LogStaticMesh: 正在构建静态网格体SM_succulent057……
[2025.09.09-04.27.02:723][  0]LogStaticMesh: Built static mesh [1.93s] /Game/CityColor/Mesh/SM_succulent057.SM_succulent057
[2025.09.09-04.27.02:756][  0]LogStaticMesh: 正在构建静态网格体SM_succulent056……
[2025.09.09-04.27.03:596][  0]LogStaticMesh: Built static mesh [0.84s] /Game/CityColor/Mesh/SM_succulent056.SM_succulent056
[2025.09.09-04.27.03:613][  0]LogStaticMesh: 正在构建静态网格体SM_succulent055……
[2025.09.09-04.27.03:852][  0]LogStaticMesh: Built static mesh [0.24s] /Game/CityColor/Mesh/SM_succulent055.SM_succulent055
[2025.09.09-04.27.03:857][  0]LogStaticMesh: 正在构建静态网格体SM_succulent050……
[2025.09.09-04.27.03:949][  0]LogStaticMesh: Built static mesh [0.09s] /Game/CityColor/Mesh/SM_succulent050.SM_succulent050
[2025.09.09-04.27.03:951][  0]LogStaticMesh: 正在构建静态网格体SM_succulent049……
[2025.09.09-04.27.04:598][  0]LogStaticMesh: Built static mesh [0.65s] /Game/CityColor/Mesh/SM_succulent049.SM_succulent049
[2025.09.09-04.27.04:612][  0]LogStaticMesh: 正在构建静态网格体SM_succulent048……
[2025.09.09-04.27.04:945][  0]LogStaticMesh: Built static mesh [0.33s] /Game/CityColor/Mesh/SM_succulent048.SM_succulent048
[2025.09.09-04.27.04:951][  0]LogStaticMesh: 正在构建静态网格体SM_succulent047……
[2025.09.09-04.27.05:313][  0]LogStaticMesh: Built static mesh [0.36s] /Game/CityColor/Mesh/SM_succulent047.SM_succulent047
[2025.09.09-04.27.05:321][  0]LogStaticMesh: 正在构建静态网格体SM_succulent045……
[2025.09.09-04.27.06:149][  0]LogStaticMesh: Built static mesh [0.83s] /Game/CityColor/Mesh/SM_succulent045.SM_succulent045
[2025.09.09-04.27.06:166][  0]LogStaticMesh: 正在构建静态网格体SM_succulent044……
[2025.09.09-04.27.06:939][  0]LogStaticMesh: Built static mesh [0.77s] /Game/CityColor/Mesh/SM_succulent044.SM_succulent044
[2025.09.09-04.27.06:955][  0]LogStaticMesh: 正在构建静态网格体SM_succulent043……
[2025.09.09-04.27.07:706][  0]LogStaticMesh: Built static mesh [0.75s] /Game/CityColor/Mesh/SM_succulent043.SM_succulent043
[2025.09.09-04.27.07:720][  0]LogStaticMesh: 正在构建静态网格体SM_succulent042……
[2025.09.09-04.27.08:065][  0]LogStaticMesh: Built static mesh [0.35s] /Game/CityColor/Mesh/SM_succulent042.SM_succulent042
[2025.09.09-04.27.08:075][  0]LogStaticMesh: 正在构建静态网格体SM_succulent041……
[2025.09.09-04.27.08:842][  0]LogStaticMesh: Built static mesh [0.77s] /Game/CityColor/Mesh/SM_succulent041.SM_succulent041
[2025.09.09-04.27.08:857][  0]LogStaticMesh: 正在构建静态网格体SM_succulent040……
[2025.09.09-04.27.09:621][  0]LogStaticMesh: Built static mesh [0.76s] /Game/CityColor/Mesh/SM_succulent040.SM_succulent040
[2025.09.09-04.27.09:636][  0]LogStaticMesh: 正在构建静态网格体SM_succulent039……
[2025.09.09-04.27.10:426][  0]LogStaticMesh: Built static mesh [0.79s] /Game/CityColor/Mesh/SM_succulent039.SM_succulent039
[2025.09.09-04.27.10:440][  0]LogStaticMesh: 正在构建静态网格体SM_succulent037……
[2025.09.09-04.27.11:198][  0]LogStaticMesh: Built static mesh [0.76s] /Game/CityColor/Mesh/SM_succulent037.SM_succulent037
[2025.09.09-04.27.11:215][  0]LogStaticMesh: 正在构建静态网格体SM_succulent035……
[2025.09.09-04.27.11:302][  0]LogStaticMesh: Built static mesh [0.09s] /Game/CityColor/Mesh/SM_succulent035.SM_succulent035
[2025.09.09-04.27.11:304][  0]LogStaticMesh: 正在构建静态网格体SM_succulent034……
[2025.09.09-04.27.12:109][  0]LogStaticMesh: Built static mesh [0.80s] /Game/CityColor/Mesh/SM_succulent034.SM_succulent034
[2025.09.09-04.27.12:123][  0]LogStaticMesh: 正在构建静态网格体SM_succulent033……
[2025.09.09-04.27.12:890][  0]LogStaticMesh: Built static mesh [0.77s] /Game/CityColor/Mesh/SM_succulent033.SM_succulent033
[2025.09.09-04.27.12:906][  0]LogStaticMesh: 正在构建静态网格体SM_succulent028……
[2025.09.09-04.27.13:669][  0]LogStaticMesh: Built static mesh [0.76s] /Game/CityColor/Mesh/SM_succulent028.SM_succulent028
[2025.09.09-04.27.13:682][  0]LogStaticMesh: 正在构建静态网格体SM_succulent027……
[2025.09.09-04.27.14:422][  0]LogStaticMesh: Built static mesh [0.74s] /Game/CityColor/Mesh/SM_succulent027.SM_succulent027
[2025.09.09-04.27.14:439][  0]LogStaticMesh: 正在构建静态网格体SM_succulent026……
[2025.09.09-04.27.15:186][  0]LogStaticMesh: Built static mesh [0.75s] /Game/CityColor/Mesh/SM_succulent026.SM_succulent026
[2025.09.09-04.27.15:207][  0]LogStaticMesh: 正在构建静态网格体SM_succulent024……
[2025.09.09-04.27.16:000][  0]LogStaticMesh: Built static mesh [0.79s] /Game/CityColor/Mesh/SM_succulent024.SM_succulent024
[2025.09.09-04.27.16:015][  0]LogStaticMesh: 正在构建静态网格体SM_succulent023……
[2025.09.09-04.27.16:830][  0]LogStaticMesh: Built static mesh [0.82s] /Game/CityColor/Mesh/SM_succulent023.SM_succulent023
[2025.09.09-04.27.16:844][  0]LogStaticMesh: 正在构建静态网格体SM_succulent022……
[2025.09.09-04.27.17:605][  0]LogStaticMesh: Built static mesh [0.76s] /Game/CityColor/Mesh/SM_succulent022.SM_succulent022
[2025.09.09-04.27.17:620][  0]LogStaticMesh: 正在构建静态网格体SM_succulent020……
[2025.09.09-04.27.18:379][  0]LogStaticMesh: Built static mesh [0.76s] /Game/CityColor/Mesh/SM_succulent020.SM_succulent020
[2025.09.09-04.27.18:394][  0]LogStaticMesh: 正在构建静态网格体SM_succulent019……
[2025.09.09-04.27.19:161][  0]LogStaticMesh: Built static mesh [0.77s] /Game/CityColor/Mesh/SM_succulent019.SM_succulent019
[2025.09.09-04.27.19:175][  0]LogStaticMesh: 正在构建静态网格体SM_succulent018……
[2025.09.09-04.27.19:265][  0]LogStaticMesh: Built static mesh [0.09s] /Game/CityColor/Mesh/SM_succulent018.SM_succulent018
[2025.09.09-04.27.19:267][  0]LogStaticMesh: 正在构建静态网格体SM_succulent016……
[2025.09.09-04.27.19:407][  0]LogStaticMesh: Built static mesh [0.14s] /Game/CityColor/Mesh/SM_succulent016.SM_succulent016
[2025.09.09-04.27.19:411][  0]LogStaticMesh: 正在构建静态网格体SM_succulent015……
[2025.09.09-04.27.20:057][  0]LogStaticMesh: Built static mesh [0.65s] /Game/CityColor/Mesh/SM_succulent015.SM_succulent015
[2025.09.09-04.27.20:073][  0]LogStaticMesh: 正在构建静态网格体SM_succulent014……
[2025.09.09-04.27.20:417][  0]LogStaticMesh: Built static mesh [0.34s] /Game/CityColor/Mesh/SM_succulent014.SM_succulent014
[2025.09.09-04.27.20:423][  0]LogStaticMesh: 正在构建静态网格体SM_succulent013……
[2025.09.09-04.27.21:147][  0]LogStaticMesh: Built static mesh [0.72s] /Game/CityColor/Mesh/SM_succulent013.SM_succulent013
[2025.09.09-04.27.21:162][  0]LogStaticMesh: 正在构建静态网格体SM_succulent010……
[2025.09.09-04.27.21:423][  0]LogStaticMesh: Built static mesh [0.26s] /Game/CityColor/Mesh/SM_succulent010.SM_succulent010
[2025.09.09-04.27.21:428][  0]LogStaticMesh: 正在构建静态网格体SM_succulent008……
[2025.09.09-04.27.22:067][  0]LogStaticMesh: Built static mesh [0.64s] /Game/CityColor/Mesh/SM_succulent008.SM_succulent008
[2025.09.09-04.27.22:078][  0]LogStaticMesh: 正在构建静态网格体SM_succulent006……
[2025.09.09-04.27.23:519][  0]LogStaticMesh: Built static mesh [1.44s] /Game/CityColor/Mesh/SM_succulent006.SM_succulent006
[2025.09.09-04.27.23:548][  0]LogStaticMesh: 正在构建静态网格体SM_succulent005……
[2025.09.09-04.27.25:542][  0]LogStaticMesh: Built static mesh [1.99s] /Game/CityColor/Mesh/SM_succulent005.SM_succulent005
[2025.09.09-04.27.25:582][  0]LogStaticMesh: 正在构建静态网格体SM_succulent004……
[2025.09.09-04.27.25:908][  0]LogStaticMesh: Built static mesh [0.33s] /Game/CityColor/Mesh/SM_succulent004.SM_succulent004
[2025.09.09-04.27.25:916][  0]LogStaticMesh: 正在构建静态网格体SM_succulent003……
[2025.09.09-04.27.26:254][  0]LogStaticMesh: Built static mesh [0.34s] /Game/CityColor/Mesh/SM_succulent003.SM_succulent003
[2025.09.09-04.27.26:261][  0]LogStaticMesh: 正在构建静态网格体SM_succulent007……
[2025.09.09-04.27.26:466][  0]LogStaticMesh: Built static mesh [0.20s] /Game/CityColor/Mesh/SM_succulent007.SM_succulent007
[2025.09.09-04.27.26:470][  0]LogStaticMesh: 正在构建静态网格体SM_succulent002……
[2025.09.09-04.27.26:820][  0]LogStaticMesh: Built static mesh [0.35s] /Game/CityColor/Mesh/SM_succulent002.SM_succulent002
[2025.09.09-04.27.26:828][  0]LogStaticMesh: 正在构建静态网格体SM_succulent001……
[2025.09.09-04.27.27:508][  0]LogStaticMesh: Built static mesh [0.68s] /Game/CityColor/Mesh/SM_succulent001.SM_succulent001
[2025.09.09-04.27.27:521][  0]LogStaticMesh: 正在构建静态网格体SM_pedestal001……
[2025.09.09-04.27.27:529][  0]LogStaticMesh: Built static mesh [0.01s] /Game/CityColor/Mesh/SM_pedestal001.SM_pedestal001
[2025.09.09-04.27.27:530][  0]LogStaticMesh: 正在构建静态网格体SM_Leafy_plants003……
[2025.09.09-04.27.28:114][  0]LogStaticMesh: Built static mesh [0.59s] /Game/CityColor/Mesh/SM_Leafy_plants003.SM_Leafy_plants003
[2025.09.09-04.27.28:126][  0]LogStaticMesh: 正在构建静态网格体SM_Leafy_plants002……
[2025.09.09-04.27.28:750][  0]LogStaticMesh: Built static mesh [0.62s] /Game/CityColor/Mesh/SM_Leafy_plants002.SM_Leafy_plants002
[2025.09.09-04.27.28:769][  0]LogStaticMesh: 正在构建静态网格体SM_Leafy_plants001……
[2025.09.09-04.27.29:381][  0]LogStaticMesh: Built static mesh [0.61s] /Game/CityColor/Mesh/SM_Leafy_plants001.SM_Leafy_plants001
[2025.09.09-04.27.29:395][  0]LogStaticMesh: 正在构建静态网格体SM_Cactus_Sec009……
[2025.09.09-04.27.48:768][  0]LogStaticMesh: Built static mesh [19.37s] /Game/CityColor/Mesh/SM_Cactus_Sec009.SM_Cactus_Sec009
[2025.09.09-04.27.49:135][  0]LogStaticMesh: 正在构建静态网格体SM_Cactus_Sec010……
[2025.09.09-04.27.51:534][  0]LogStaticMesh: Built static mesh [2.40s] /Game/CityColor/Mesh/SM_Cactus_Sec010.SM_Cactus_Sec010
[2025.09.09-04.27.51:625][  0]LogMaterial: Display: Missing cached shadermap for MI_Cactus_22 in PCD3D_SM5, Default, SM5 (DDC key hash: 67DF8801788CAA2B691924F294C46D6C0E0F7684), compiling. 
[2025.09.09-04.27.51:644][  0]LogShaderCompilers: Display: Submitted 30 shader compile jobs with 'Low' priority
[2025.09.09-04.27.51:644][  0]LogStaticMesh: 正在构建静态网格体SM_Cactus_Sec003……
[2025.09.09-04.27.58:417][  0]LogShaderCompilers: Display: Worker (1/9): shaders left to compile 30
[2025.09.09-04.27.58:418][  0]LogShaderCompilers: Display: Worker (2/9): shaders left to compile 26
[2025.09.09-04.27.58:418][  0]LogShaderCompilers: Display: Worker (3/9): shaders left to compile 22
[2025.09.09-04.27.58:418][  0]LogShaderCompilers: Display: Worker (4/9): shaders left to compile 18
[2025.09.09-04.27.58:418][  0]LogShaderCompilers: Display: Worker (5/9): shaders left to compile 14
[2025.09.09-04.27.58:418][  0]LogShaderCompilers: Display: Worker (6/9): shaders left to compile 10
[2025.09.09-04.27.58:418][  0]LogShaderCompilers: Display: Worker (7/9): shaders left to compile 6
[2025.09.09-04.27.58:418][  0]LogShaderCompilers: Display: Worker (8/9): shaders left to compile 2
[2025.09.09-04.27.58:418][  0]LogShaderCompilers: Display: Started 30 'Local' shader compile jobs with 'Low' priority
[2025.09.09-04.29.29:304][  0]LogStaticMesh: Built static mesh [97.66s] /Game/CityColor/Mesh/SM_Cactus_Sec003.SM_Cactus_Sec003
[2025.09.09-04.29.30:789][  0]LogStaticMesh: 正在构建静态网格体SM_Cactus_Sec001……
[2025.09.09-04.29.46:335][  0]LogStaticMesh: Built static mesh [15.55s] /Game/CityColor/Mesh/SM_Cactus_Sec001.SM_Cactus_Sec001
[2025.09.09-04.29.46:489][  0]LogMaterial: Display: Missing cached shadermap for MI_Cactus_32 in PCD3D_SM5, Default, SM5 (DDC key hash: 6AD66F39ADD6761FFD4D1185CEF5CAC5175BB355), compiling. 
[2025.09.09-04.29.46:505][  0]LogShaderCompilers: Display: Submitted 30 shader compile jobs with 'Low' priority
[2025.09.09-04.29.46:505][  0]LogStaticMesh: 正在构建静态网格体SM_Cactus_15……
[2025.09.09-04.29.47:589][  0]LogShaderCompilers: Display: Worker (1/9): shaders left to compile 30
[2025.09.09-04.29.47:589][  0]LogShaderCompilers: Display: Worker (2/9): shaders left to compile 26
[2025.09.09-04.29.47:589][  0]LogShaderCompilers: Display: Worker (3/9): shaders left to compile 22
[2025.09.09-04.29.47:589][  0]LogShaderCompilers: Display: Worker (4/9): shaders left to compile 18
[2025.09.09-04.29.47:589][  0]LogShaderCompilers: Display: Worker (5/9): shaders left to compile 14
[2025.09.09-04.29.47:589][  0]LogShaderCompilers: Display: Worker (6/9): shaders left to compile 10
[2025.09.09-04.29.47:589][  0]LogShaderCompilers: Display: Worker (7/9): shaders left to compile 6
[2025.09.09-04.29.47:589][  0]LogShaderCompilers: Display: Worker (8/9): shaders left to compile 2
[2025.09.09-04.29.47:589][  0]LogShaderCompilers: Display: Started 30 'Local' shader compile jobs with 'Low' priority
[2025.09.09-04.29.51:189][  0]LogStaticMesh: Built static mesh [4.68s] /Game/CityColor/Mesh/SM_Cactus_15.SM_Cactus_15
[2025.09.09-04.29.51:268][  0]LogStaticMesh: 正在构建静态网格体SM_cactus_01……
[2025.09.09-04.29.56:488][  0]LogStaticMesh: Built static mesh [5.22s] /Game/CityColor/Mesh/SM_cactus_01.SM_cactus_01
[2025.09.09-04.29.56:726][  0]LogStaticMesh: 正在构建静态网格体SM_Cactus005……
[2025.09.09-04.30.07:309][  0]LogStaticMesh: Built static mesh [10.58s] /Game/CityColor/Mesh/SM_Cactus005.SM_Cactus005
[2025.09.09-04.30.07:403][  0]LogStaticMesh: 正在构建静态网格体SM_Cactus004……
[2025.09.09-04.30.09:025][  0]LogStaticMesh: Built static mesh [1.62s] /Game/CityColor/Mesh/SM_Cactus004.SM_Cactus004
[2025.09.09-04.30.09:048][  0]LogStaticMesh: 正在构建静态网格体SM_Cactus003……
[2025.09.09-04.30.09:875][  0]LogStaticMesh: Built static mesh [0.83s] /Game/CityColor/Mesh/SM_Cactus003.SM_Cactus003
[2025.09.09-04.30.09:896][  0]LogMaterial: Display: Missing cached shadermap for MI_Branch02 in PCD3D_SM5, Default, SM5 (DDC key hash: 86FC789B8D5660DA61D20C6F6B8F82BC6B2DECE5), compiling. 
[2025.09.09-04.30.09:912][  0]LogShaderCompilers: Display: Submitted 30 shader compile jobs with 'Low' priority
[2025.09.09-04.30.09:913][  0]LogStaticMesh: 正在构建静态网格体SM_Cactus002……
[2025.09.09-04.30.11:094][  0]LogShaderCompilers: Display: Worker (1/9): shaders left to compile 30
[2025.09.09-04.30.11:094][  0]LogShaderCompilers: Display: Worker (2/9): shaders left to compile 26
[2025.09.09-04.30.11:094][  0]LogShaderCompilers: Display: Worker (3/9): shaders left to compile 22
[2025.09.09-04.30.11:094][  0]LogShaderCompilers: Display: Worker (4/9): shaders left to compile 18
[2025.09.09-04.30.11:094][  0]LogShaderCompilers: Display: Worker (5/9): shaders left to compile 14
[2025.09.09-04.30.11:094][  0]LogShaderCompilers: Display: Worker (6/9): shaders left to compile 10
[2025.09.09-04.30.11:094][  0]LogShaderCompilers: Display: Worker (7/9): shaders left to compile 6
[2025.09.09-04.30.11:094][  0]LogShaderCompilers: Display: Worker (8/9): shaders left to compile 2
[2025.09.09-04.30.11:094][  0]LogShaderCompilers: Display: Started 30 'Local' shader compile jobs with 'Low' priority
[2025.09.09-04.30.19:226][  0]LogStaticMesh: Built static mesh [9.31s] /Game/CityColor/Mesh/SM_Cactus002.SM_Cactus002
[2025.09.09-04.30.19:616][  0]LogStaticMesh: 正在构建静态网格体SM_Cactus001……
[2025.09.09-04.30.20:541][  0]LogStaticMesh: Built static mesh [0.93s] /Game/CityColor/Mesh/SM_Cactus001.SM_Cactus001
[2025.09.09-04.30.20:561][  0]LogStaticMesh: 正在构建静态网格体SM_Botany002……
[2025.09.09-04.30.38:376][  0]LogStaticMesh: Built static mesh [17.82s] /Game/CityColor/Mesh/SM_Botany002.SM_Botany002
[2025.09.09-04.30.38:584][  0]LogStaticMesh: 正在构建静态网格体SM_Botany001……
[2025.09.09-04.30.56:006][  0]LogStaticMesh: Built static mesh [17.42s] /Game/CityColor/Mesh/SM_Botany001.SM_Botany001
[2025.09.09-04.30.56:300][  0]LogPhysicsCore: Error: PHYSX: (D:\Build\++Fortnite\Sync\Engine\Source\ThirdParty\PhysX3\PhysX_3.4\Source\PhysXCooking\src\Cooking.cpp 198) eINVALID_PARAMETER : Cooking::cookConvexMesh: user-provided convex mesh descriptor is invalid!
[2025.09.09-04.30.56:300][  0]LogPhysicsCore: Error: PHYSX: (D:\Build\++Fortnite\Sync\Engine\Source\ThirdParty\PhysX3\PhysX_3.4\Source\PhysXCooking\src\Cooking.cpp 198) eINVALID_PARAMETER : Cooking::cookConvexMesh: user-provided convex mesh descriptor is invalid!
[2025.09.09-04.30.56:300][  0]LogPhysics: Warning: Failed to cook convex: /Game/CityColor/Demo/Mesh/SM_Roof_2.SM_Roof_2 3 (FlipX:0). The remaining elements will not get cooked.
[2025.09.09-04.30.56:300][  0]LogPhysicsCore: Error: PHYSX: (D:\Build\++Fortnite\Sync\Engine\Source\ThirdParty\PhysX3\PhysX_3.4\Source\PhysXCooking\src\Cooking.cpp 198) eINVALID_PARAMETER : Cooking::cookConvexMesh: user-provided convex mesh descriptor is invalid!
[2025.09.09-04.30.56:300][  0]LogPhysicsCore: Error: PHYSX: (D:\Build\++Fortnite\Sync\Engine\Source\ThirdParty\PhysX3\PhysX_3.4\Source\PhysXCooking\src\Cooking.cpp 198) eINVALID_PARAMETER : Cooking::cookConvexMesh: user-provided convex mesh descriptor is invalid!
[2025.09.09-04.30.56:300][  0]LogPhysics: Warning: Failed to cook convex: /Game/CityColor/Demo/Mesh/SM_Roof_2.SM_Roof_2 3 (FlipX:1). The remaining elements will not get cooked.
[2025.09.09-04.30.56:325][  0]LogPhysics: Warning: Attempt to build physics data for /Game/CityColor/Demo/Mesh/SM_Roof_2.SM_Roof_2:BodySetup_0 when we are unable to.
[2025.09.09-04.30.56:762][  0]LogAudio: Display: Audio Device (ID: 1) registered with world 'model'.
[2025.09.09-04.30.56:763][  0]LogAIModule: Creating AISystem for world model
[2025.09.09-04.30.56:776][  0]LogShaderCompilers: Display: === FShaderJobCache stats ===
[2025.09.09-04.30.56:776][  0]LogShaderCompilers: Display: Total job queries 150, among them cache hits 0 (0.00%)
[2025.09.09-04.30.56:776][  0]LogShaderCompilers: Display: Tracking 150 distinct input hashes that result in 121 distinct outputs (80.67%)
[2025.09.09-04.30.56:777][  0]LogShaderCompilers: Display: RAM used: 0.71 MB (0.00 GB) of 1638.40 MB (1.60 GB) budget. Usage: 0.04%
[2025.09.09-04.30.56:777][  0]LogShaderCompilers: Display: ================================================
[2025.09.09-04.30.56:853][  0]LogPhysics: Warning: PopulatePhysXGeometryAndTransform(Convex): ConvexElem is missing ConvexMesh
[2025.09.09-04.30.56:853][  0]LogPhysics: Warning: ForeachShape(Convex): ScaledElem[0] invalid
[2025.09.09-04.30.56:853][  0]LogPhysics: Warning: PopulatePhysXGeometryAndTransform(Convex): ConvexElem is missing ConvexMesh
[2025.09.09-04.30.56:853][  0]LogPhysics: Warning: ForeachShape(Convex): ScaledElem[1] invalid
[2025.09.09-04.30.56:853][  0]LogPhysics: Warning: PopulatePhysXGeometryAndTransform(Convex): ConvexElem is missing ConvexMesh
[2025.09.09-04.30.56:853][  0]LogPhysics: Warning: ForeachShape(Convex): ScaledElem[2] invalid
[2025.09.09-04.30.56:853][  0]LogPhysics: Warning: PopulatePhysXGeometryAndTransform(Convex): ConvexElem is missing ConvexMesh
[2025.09.09-04.30.56:853][  0]LogPhysics: Warning: ForeachShape(Convex): ScaledElem[3] invalid
[2025.09.09-04.30.56:853][  0]LogPhysics: Warning: PopulatePhysXGeometryAndTransform(Convex): ConvexElem is missing ConvexMesh
[2025.09.09-04.30.56:853][  0]LogPhysics: Warning: ForeachShape(Convex): ScaledElem[4] invalid
[2025.09.09-04.30.56:853][  0]LogPhysics: Warning: PopulatePhysXGeometryAndTransform(Convex): ConvexElem is missing ConvexMesh
[2025.09.09-04.30.56:853][  0]LogPhysics: Warning: ForeachShape(Convex): ScaledElem[5] invalid
[2025.09.09-04.30.56:856][  0]LogEditorServer: Finished looking for orphan Actors (0.000 secs)
[2025.09.09-04.30.56:862][  0]LogUObjectHash: Compacting FUObjectHashTables data took   0.75ms
[2025.09.09-04.30.56:908][  0]Cmd: MAP CHECKDEP NOCLEARLOG
[2025.09.09-04.30.56:908][  0]MapCheck: 地图检测完成：0个错误、0个警告、完成用时0.117毫秒。
[2025.09.09-04.30.56:908][  0]LogFileHelpers: Loading map 'model' took 250.419
[2025.09.09-04.30.56:911][  0]LogUnrealEdMisc: Total Editor Startup Time, took 256.513
[2025.09.09-04.30.56:981][  0]LogWindowsTextInputMethodSystem: Display: IME system activated using TSF (微软拼音).
[2025.09.09-04.30.57:029][  0]LogSlate: Updating window title bar state: overlay mode, drag disabled, window buttons hidden, title bar hidden
[2025.09.09-04.30.57:033][  0]LogSlate: Updating window title bar state: overlay mode, drag disabled, window buttons hidden, title bar hidden
[2025.09.09-04.30.57:037][  0]LogSlate: Updating window title bar state: overlay mode, drag disabled, window buttons hidden, title bar hidden
[2025.09.09-04.30.57:040][  0]LogSlate: Updating window title bar state: overlay mode, drag disabled, window buttons hidden, title bar hidden
[2025.09.09-04.30.57:050][  0]LogNativeClassHierarchy: Verbose: Native class hierarchy populated in 0.0067 seconds. Added 3822 classes and 928 folders.
[2025.09.09-04.30.57:052][  0]LogNativeClassHierarchy: Verbose: Native class hierarchy updated for 'WidgetCarousel' in 0.0002 seconds. Added 0 classes and 0 folders.
[2025.09.09-04.30.57:053][  0]LogPakFile: PakFile PrimaryIndexSize=187
[2025.09.09-04.30.57:053][  0]LogPakFile: PakFile PathHashIndexSize=101
[2025.09.09-04.30.57:053][  0]LogPakFile: PakFile FullDirectoryIndexSize=148
[2025.09.09-04.30.57:053][  0]LogShaderLibrary: Display: ShaderCodeLibraryPakFileMountedCallback: PakFile 'D:/UE_4.27/FeaturePacks/FP_FirstPerson.upack' (chunk index -1, root 'root:/') mounted
[2025.09.09-04.30.57:053][  0]LogShaderLibrary: Display: ShaderCodeLibraryPakFileMountedCallback: pending pak file info (ChunkID:-1 Root:root:/ File:D:/UE_4.27/FeaturePacks/FP_FirstPerson.upack)
[2025.09.09-04.30.57:053][  0]LogPakFile: OnPakFileMounted2Time == 0.000042
[2025.09.09-04.30.57:054][  0]LogPakFile: PakFile PrimaryIndexSize=189
[2025.09.09-04.30.57:054][  0]LogPakFile: PakFile PathHashIndexSize=101
[2025.09.09-04.30.57:054][  0]LogPakFile: PakFile FullDirectoryIndexSize=152
[2025.09.09-04.30.57:054][  0]LogShaderLibrary: Display: ShaderCodeLibraryPakFileMountedCallback: PakFile 'D:/UE_4.27/FeaturePacks/FP_FirstPersonBP.upack' (chunk index -1, root 'root:/') mounted
[2025.09.09-04.30.57:054][  0]LogShaderLibrary: Display: ShaderCodeLibraryPakFileMountedCallback: pending pak file info (ChunkID:-1 Root:root:/ File:D:/UE_4.27/FeaturePacks/FP_FirstPersonBP.upack)
[2025.09.09-04.30.57:054][  0]LogPakFile: OnPakFileMounted2Time == 0.000027
[2025.09.09-04.30.57:054][  0]LogPakFile: PakFile PrimaryIndexSize=191
[2025.09.09-04.30.57:054][  0]LogPakFile: PakFile PathHashIndexSize=101
[2025.09.09-04.30.57:054][  0]LogPakFile: PakFile FullDirectoryIndexSize=160
[2025.09.09-04.30.57:054][  0]LogShaderLibrary: Display: ShaderCodeLibraryPakFileMountedCallback: PakFile 'D:/UE_4.27/FeaturePacks/MobileStarterContent.upack' (chunk index -1, root 'root:/') mounted
[2025.09.09-04.30.57:054][  0]LogShaderLibrary: Display: ShaderCodeLibraryPakFileMountedCallback: pending pak file info (ChunkID:-1 Root:root:/ File:D:/UE_4.27/FeaturePacks/MobileStarterContent.upack)
[2025.09.09-04.30.57:054][  0]LogPakFile: OnPakFileMounted2Time == 0.000024
[2025.09.09-04.30.57:054][  0]LogPakFile: PakFile PrimaryIndexSize=185
[2025.09.09-04.30.57:054][  0]LogPakFile: PakFile PathHashIndexSize=101
[2025.09.09-04.30.57:054][  0]LogPakFile: PakFile FullDirectoryIndexSize=148
[2025.09.09-04.30.57:054][  0]LogShaderLibrary: Display: ShaderCodeLibraryPakFileMountedCallback: PakFile 'D:/UE_4.27/FeaturePacks/StarterContent.upack' (chunk index -1, root 'root:/') mounted
[2025.09.09-04.30.57:054][  0]LogShaderLibrary: Display: ShaderCodeLibraryPakFileMountedCallback: pending pak file info (ChunkID:-1 Root:root:/ File:D:/UE_4.27/FeaturePacks/StarterContent.upack)
[2025.09.09-04.30.57:054][  0]LogPakFile: OnPakFileMounted2Time == 0.000024
[2025.09.09-04.30.57:055][  0]LogPakFile: PakFile PrimaryIndexSize=190
[2025.09.09-04.30.57:055][  0]LogPakFile: PakFile PathHashIndexSize=101
[2025.09.09-04.30.57:055][  0]LogPakFile: PakFile FullDirectoryIndexSize=154
[2025.09.09-04.30.57:055][  0]LogShaderLibrary: Display: ShaderCodeLibraryPakFileMountedCallback: PakFile 'D:/UE_4.27/FeaturePacks/TP_2DSideScroller.upack' (chunk index -1, root 'root:/') mounted
[2025.09.09-04.30.57:055][  0]LogShaderLibrary: Display: ShaderCodeLibraryPakFileMountedCallback: pending pak file info (ChunkID:-1 Root:root:/ File:D:/UE_4.27/FeaturePacks/TP_2DSideScroller.upack)
[2025.09.09-04.30.57:055][  0]LogPakFile: OnPakFileMounted2Time == 0.000023
[2025.09.09-04.30.57:055][  0]LogPakFile: PakFile PrimaryIndexSize=192
[2025.09.09-04.30.57:055][  0]LogPakFile: PakFile PathHashIndexSize=101
[2025.09.09-04.30.57:055][  0]LogPakFile: PakFile FullDirectoryIndexSize=158
[2025.09.09-04.30.57:055][  0]LogShaderLibrary: Display: ShaderCodeLibraryPakFileMountedCallback: PakFile 'D:/UE_4.27/FeaturePacks/TP_2DSideScrollerBP.upack' (chunk index -1, root 'root:/') mounted
[2025.09.09-04.30.57:055][  0]LogShaderLibrary: Display: ShaderCodeLibraryPakFileMountedCallback: pending pak file info (ChunkID:-1 Root:root:/ File:D:/UE_4.27/FeaturePacks/TP_2DSideScrollerBP.upack)
[2025.09.09-04.30.57:055][  0]LogPakFile: OnPakFileMounted2Time == 0.000023
[2025.09.09-04.30.57:055][  0]LogPakFile: PakFile PrimaryIndexSize=182
[2025.09.09-04.30.57:055][  0]LogPakFile: PakFile PathHashIndexSize=101
[2025.09.09-04.30.57:055][  0]LogPakFile: PakFile FullDirectoryIndexSize=138
[2025.09.09-04.30.57:055][  0]LogShaderLibrary: Display: ShaderCodeLibraryPakFileMountedCallback: PakFile 'D:/UE_4.27/FeaturePacks/TP_Flying.upack' (chunk index -1, root 'root:/') mounted
[2025.09.09-04.30.57:055][  0]LogShaderLibrary: Display: ShaderCodeLibraryPakFileMountedCallback: pending pak file info (ChunkID:-1 Root:root:/ File:D:/UE_4.27/FeaturePacks/TP_Flying.upack)
[2025.09.09-04.30.57:055][  0]LogPakFile: OnPakFileMounted2Time == 0.000022
[2025.09.09-04.30.57:056][  0]LogPakFile: PakFile PrimaryIndexSize=184
[2025.09.09-04.30.57:056][  0]LogPakFile: PakFile PathHashIndexSize=101
[2025.09.09-04.30.57:056][  0]LogPakFile: PakFile FullDirectoryIndexSize=142
[2025.09.09-04.30.57:056][  0]LogShaderLibrary: Display: ShaderCodeLibraryPakFileMountedCallback: PakFile 'D:/UE_4.27/FeaturePacks/TP_FlyingBP.upack' (chunk index -1, root 'root:/') mounted
[2025.09.09-04.30.57:056][  0]LogShaderLibrary: Display: ShaderCodeLibraryPakFileMountedCallback: pending pak file info (ChunkID:-1 Root:root:/ File:D:/UE_4.27/FeaturePacks/TP_FlyingBP.upack)
[2025.09.09-04.30.57:056][  0]LogPakFile: OnPakFileMounted2Time == 0.000023
[2025.09.09-04.30.57:056][  0]LogPakFile: PakFile PrimaryIndexSize=188
[2025.09.09-04.30.57:056][  0]LogPakFile: PakFile PathHashIndexSize=101
[2025.09.09-04.30.57:056][  0]LogPakFile: PakFile FullDirectoryIndexSize=150
[2025.09.09-04.30.57:056][  0]LogShaderLibrary: Display: ShaderCodeLibraryPakFileMountedCallback: PakFile 'D:/UE_4.27/FeaturePacks/TP_HandheldARBP.upack' (chunk index -1, root 'root:/') mounted
[2025.09.09-04.30.57:056][  0]LogShaderLibrary: Display: ShaderCodeLibraryPakFileMountedCallback: pending pak file info (ChunkID:-1 Root:root:/ File:D:/UE_4.27/FeaturePacks/TP_HandheldARBP.upack)
[2025.09.09-04.30.57:056][  0]LogPakFile: OnPakFileMounted2Time == 0.000023
[2025.09.09-04.30.57:057][  0]LogPakFile: PakFile PrimaryIndexSize=182
[2025.09.09-04.30.57:057][  0]LogPakFile: PakFile PathHashIndexSize=101
[2025.09.09-04.30.57:057][  0]LogPakFile: PakFile FullDirectoryIndexSize=138
[2025.09.09-04.30.57:057][  0]LogShaderLibrary: Display: ShaderCodeLibraryPakFileMountedCallback: PakFile 'D:/UE_4.27/FeaturePacks/TP_Puzzle.upack' (chunk index -1, root 'root:/') mounted
[2025.09.09-04.30.57:057][  0]LogShaderLibrary: Display: ShaderCodeLibraryPakFileMountedCallback: pending pak file info (ChunkID:-1 Root:root:/ File:D:/UE_4.27/FeaturePacks/TP_Puzzle.upack)
[2025.09.09-04.30.57:057][  0]LogPakFile: OnPakFileMounted2Time == 0.000023
[2025.09.09-04.30.57:057][  0]LogPakFile: PakFile PrimaryIndexSize=184
[2025.09.09-04.30.57:057][  0]LogPakFile: PakFile PathHashIndexSize=101
[2025.09.09-04.30.57:057][  0]LogPakFile: PakFile FullDirectoryIndexSize=142
[2025.09.09-04.30.57:057][  0]LogShaderLibrary: Display: ShaderCodeLibraryPakFileMountedCallback: PakFile 'D:/UE_4.27/FeaturePacks/TP_PuzzleBP.upack' (chunk index -1, root 'root:/') mounted
[2025.09.09-04.30.57:057][  0]LogShaderLibrary: Display: ShaderCodeLibraryPakFileMountedCallback: pending pak file info (ChunkID:-1 Root:root:/ File:D:/UE_4.27/FeaturePacks/TP_PuzzleBP.upack)
[2025.09.09-04.30.57:057][  0]LogPakFile: OnPakFileMounted2Time == 0.000022
[2025.09.09-04.30.57:057][  0]LogPakFile: PakFile PrimaryIndexSize=183
[2025.09.09-04.30.57:057][  0]LogPakFile: PakFile PathHashIndexSize=101
[2025.09.09-04.30.57:057][  0]LogPakFile: PakFile FullDirectoryIndexSize=140
[2025.09.09-04.30.57:057][  0]LogShaderLibrary: Display: ShaderCodeLibraryPakFileMountedCallback: PakFile 'D:/UE_4.27/FeaturePacks/TP_Rolling.upack' (chunk index -1, root 'root:/') mounted
[2025.09.09-04.30.57:057][  0]LogShaderLibrary: Display: ShaderCodeLibraryPakFileMountedCallback: pending pak file info (ChunkID:-1 Root:root:/ File:D:/UE_4.27/FeaturePacks/TP_Rolling.upack)
[2025.09.09-04.30.57:057][  0]LogPakFile: OnPakFileMounted2Time == 0.000022
[2025.09.09-04.30.57:058][  0]LogPakFile: PakFile PrimaryIndexSize=185
[2025.09.09-04.30.57:058][  0]LogPakFile: PakFile PathHashIndexSize=101
[2025.09.09-04.30.57:058][  0]LogPakFile: PakFile FullDirectoryIndexSize=144
[2025.09.09-04.30.57:058][  0]LogShaderLibrary: Display: ShaderCodeLibraryPakFileMountedCallback: PakFile 'D:/UE_4.27/FeaturePacks/TP_RollingBP.upack' (chunk index -1, root 'root:/') mounted
[2025.09.09-04.30.57:058][  0]LogShaderLibrary: Display: ShaderCodeLibraryPakFileMountedCallback: pending pak file info (ChunkID:-1 Root:root:/ File:D:/UE_4.27/FeaturePacks/TP_RollingBP.upack)
[2025.09.09-04.30.57:058][  0]LogPakFile: OnPakFileMounted2Time == 0.000023
[2025.09.09-04.30.57:058][  0]LogPakFile: PakFile PrimaryIndexSize=188
[2025.09.09-04.30.57:058][  0]LogPakFile: PakFile PathHashIndexSize=101
[2025.09.09-04.30.57:058][  0]LogPakFile: PakFile FullDirectoryIndexSize=150
[2025.09.09-04.30.57:058][  0]LogShaderLibrary: Display: ShaderCodeLibraryPakFileMountedCallback: PakFile 'D:/UE_4.27/FeaturePacks/TP_SideScroller.upack' (chunk index -1, root 'root:/') mounted
[2025.09.09-04.30.57:058][  0]LogShaderLibrary: Display: ShaderCodeLibraryPakFileMountedCallback: pending pak file info (ChunkID:-1 Root:root:/ File:D:/UE_4.27/FeaturePacks/TP_SideScroller.upack)
[2025.09.09-04.30.57:058][  0]LogPakFile: OnPakFileMounted2Time == 0.000022
[2025.09.09-04.30.57:058][  0]LogPakFile: PakFile PrimaryIndexSize=190
[2025.09.09-04.30.57:058][  0]LogPakFile: PakFile PathHashIndexSize=101
[2025.09.09-04.30.57:058][  0]LogPakFile: PakFile FullDirectoryIndexSize=154
[2025.09.09-04.30.57:058][  0]LogShaderLibrary: Display: ShaderCodeLibraryPakFileMountedCallback: PakFile 'D:/UE_4.27/FeaturePacks/TP_SideScrollerBP.upack' (chunk index -1, root 'root:/') mounted
[2025.09.09-04.30.57:058][  0]LogShaderLibrary: Display: ShaderCodeLibraryPakFileMountedCallback: pending pak file info (ChunkID:-1 Root:root:/ File:D:/UE_4.27/FeaturePacks/TP_SideScrollerBP.upack)
[2025.09.09-04.30.57:058][  0]LogPakFile: OnPakFileMounted2Time == 0.000022
[2025.09.09-04.30.57:059][  0]LogPakFile: PakFile PrimaryIndexSize=187
[2025.09.09-04.30.57:059][  0]LogPakFile: PakFile PathHashIndexSize=101
[2025.09.09-04.30.57:059][  0]LogPakFile: PakFile FullDirectoryIndexSize=148
[2025.09.09-04.30.57:059][  0]LogShaderLibrary: Display: ShaderCodeLibraryPakFileMountedCallback: PakFile 'D:/UE_4.27/FeaturePacks/TP_ThirdPerson.upack' (chunk index -1, root 'root:/') mounted
[2025.09.09-04.30.57:059][  0]LogShaderLibrary: Display: ShaderCodeLibraryPakFileMountedCallback: pending pak file info (ChunkID:-1 Root:root:/ File:D:/UE_4.27/FeaturePacks/TP_ThirdPerson.upack)
[2025.09.09-04.30.57:059][  0]LogPakFile: OnPakFileMounted2Time == 0.000022
[2025.09.09-04.30.57:059][  0]LogPakFile: PakFile PrimaryIndexSize=189
[2025.09.09-04.30.57:059][  0]LogPakFile: PakFile PathHashIndexSize=101
[2025.09.09-04.30.57:059][  0]LogPakFile: PakFile FullDirectoryIndexSize=152
[2025.09.09-04.30.57:059][  0]LogShaderLibrary: Display: ShaderCodeLibraryPakFileMountedCallback: PakFile 'D:/UE_4.27/FeaturePacks/TP_ThirdPersonBP.upack' (chunk index -1, root 'root:/') mounted
[2025.09.09-04.30.57:059][  0]LogShaderLibrary: Display: ShaderCodeLibraryPakFileMountedCallback: pending pak file info (ChunkID:-1 Root:root:/ File:D:/UE_4.27/FeaturePacks/TP_ThirdPersonBP.upack)
[2025.09.09-04.30.57:059][  0]LogPakFile: OnPakFileMounted2Time == 0.000022
[2025.09.09-04.30.57:059][  0]LogPakFile: PakFile PrimaryIndexSize=183
[2025.09.09-04.30.57:059][  0]LogPakFile: PakFile PathHashIndexSize=101
[2025.09.09-04.30.57:059][  0]LogPakFile: PakFile FullDirectoryIndexSize=140
[2025.09.09-04.30.57:059][  0]LogShaderLibrary: Display: ShaderCodeLibraryPakFileMountedCallback: PakFile 'D:/UE_4.27/FeaturePacks/TP_TopDown.upack' (chunk index -1, root 'root:/') mounted
[2025.09.09-04.30.57:059][  0]LogShaderLibrary: Display: ShaderCodeLibraryPakFileMountedCallback: pending pak file info (ChunkID:-1 Root:root:/ File:D:/UE_4.27/FeaturePacks/TP_TopDown.upack)
[2025.09.09-04.30.57:059][  0]LogPakFile: OnPakFileMounted2Time == 0.000025
[2025.09.09-04.30.57:060][  0]LogPakFile: PakFile PrimaryIndexSize=185
[2025.09.09-04.30.57:060][  0]LogPakFile: PakFile PathHashIndexSize=101
[2025.09.09-04.30.57:060][  0]LogPakFile: PakFile FullDirectoryIndexSize=144
[2025.09.09-04.30.57:060][  0]LogShaderLibrary: Display: ShaderCodeLibraryPakFileMountedCallback: PakFile 'D:/UE_4.27/FeaturePacks/TP_TopDownBP.upack' (chunk index -1, root 'root:/') mounted
[2025.09.09-04.30.57:060][  0]LogShaderLibrary: Display: ShaderCodeLibraryPakFileMountedCallback: pending pak file info (ChunkID:-1 Root:root:/ File:D:/UE_4.27/FeaturePacks/TP_TopDownBP.upack)
[2025.09.09-04.30.57:060][  0]LogPakFile: OnPakFileMounted2Time == 0.000022
[2025.09.09-04.30.57:060][  0]LogPakFile: PakFile PrimaryIndexSize=185
[2025.09.09-04.30.57:060][  0]LogPakFile: PakFile PathHashIndexSize=101
[2025.09.09-04.30.57:060][  0]LogPakFile: PakFile FullDirectoryIndexSize=144
[2025.09.09-04.30.57:060][  0]LogShaderLibrary: Display: ShaderCodeLibraryPakFileMountedCallback: PakFile 'D:/UE_4.27/FeaturePacks/TP_TwinStick.upack' (chunk index -1, root 'root:/') mounted
[2025.09.09-04.30.57:060][  0]LogShaderLibrary: Display: ShaderCodeLibraryPakFileMountedCallback: pending pak file info (ChunkID:-1 Root:root:/ File:D:/UE_4.27/FeaturePacks/TP_TwinStick.upack)
[2025.09.09-04.30.57:060][  0]LogPakFile: OnPakFileMounted2Time == 0.000021
[2025.09.09-04.30.57:060][  0]LogPakFile: PakFile PrimaryIndexSize=187
[2025.09.09-04.30.57:060][  0]LogPakFile: PakFile PathHashIndexSize=101
[2025.09.09-04.30.57:060][  0]LogPakFile: PakFile FullDirectoryIndexSize=148
[2025.09.09-04.30.57:060][  0]LogShaderLibrary: Display: ShaderCodeLibraryPakFileMountedCallback: PakFile 'D:/UE_4.27/FeaturePacks/TP_TwinStickBP.upack' (chunk index -1, root 'root:/') mounted
[2025.09.09-04.30.57:061][  0]LogShaderLibrary: Display: ShaderCodeLibraryPakFileMountedCallback: pending pak file info (ChunkID:-1 Root:root:/ File:D:/UE_4.27/FeaturePacks/TP_TwinStickBP.upack)
[2025.09.09-04.30.57:061][  0]LogPakFile: OnPakFileMounted2Time == 0.000023
[2025.09.09-04.30.57:061][  0]LogPakFile: PakFile PrimaryIndexSize=183
[2025.09.09-04.30.57:061][  0]LogPakFile: PakFile PathHashIndexSize=101
[2025.09.09-04.30.57:061][  0]LogPakFile: PakFile FullDirectoryIndexSize=140
[2025.09.09-04.30.57:061][  0]LogShaderLibrary: Display: ShaderCodeLibraryPakFileMountedCallback: PakFile 'D:/UE_4.27/FeaturePacks/TP_Vehicle.upack' (chunk index -1, root 'root:/') mounted
[2025.09.09-04.30.57:061][  0]LogShaderLibrary: Display: ShaderCodeLibraryPakFileMountedCallback: pending pak file info (ChunkID:-1 Root:root:/ File:D:/UE_4.27/FeaturePacks/TP_Vehicle.upack)
[2025.09.09-04.30.57:061][  0]LogPakFile: OnPakFileMounted2Time == 0.000021
[2025.09.09-04.30.57:061][  0]LogPakFile: PakFile PrimaryIndexSize=186
[2025.09.09-04.30.57:061][  0]LogPakFile: PakFile PathHashIndexSize=101
[2025.09.09-04.30.57:061][  0]LogPakFile: PakFile FullDirectoryIndexSize=146
[2025.09.09-04.30.57:061][  0]LogShaderLibrary: Display: ShaderCodeLibraryPakFileMountedCallback: PakFile 'D:/UE_4.27/FeaturePacks/TP_VehicleAdv.upack' (chunk index -1, root 'root:/') mounted
[2025.09.09-04.30.57:061][  0]LogShaderLibrary: Display: ShaderCodeLibraryPakFileMountedCallback: pending pak file info (ChunkID:-1 Root:root:/ File:D:/UE_4.27/FeaturePacks/TP_VehicleAdv.upack)
[2025.09.09-04.30.57:061][  0]LogPakFile: OnPakFileMounted2Time == 0.000022
[2025.09.09-04.30.57:062][  0]LogPakFile: PakFile PrimaryIndexSize=188
[2025.09.09-04.30.57:062][  0]LogPakFile: PakFile PathHashIndexSize=101
[2025.09.09-04.30.57:062][  0]LogPakFile: PakFile FullDirectoryIndexSize=150
[2025.09.09-04.30.57:062][  0]LogShaderLibrary: Display: ShaderCodeLibraryPakFileMountedCallback: PakFile 'D:/UE_4.27/FeaturePacks/TP_VehicleAdvBP.upack' (chunk index -1, root 'root:/') mounted
[2025.09.09-04.30.57:062][  0]LogShaderLibrary: Display: ShaderCodeLibraryPakFileMountedCallback: pending pak file info (ChunkID:-1 Root:root:/ File:D:/UE_4.27/FeaturePacks/TP_VehicleAdvBP.upack)
[2025.09.09-04.30.57:062][  0]LogPakFile: OnPakFileMounted2Time == 0.000022
[2025.09.09-04.30.57:062][  0]LogPakFile: PakFile PrimaryIndexSize=185
[2025.09.09-04.30.57:062][  0]LogPakFile: PakFile PathHashIndexSize=101
[2025.09.09-04.30.57:062][  0]LogPakFile: PakFile FullDirectoryIndexSize=144
[2025.09.09-04.30.57:062][  0]LogShaderLibrary: Display: ShaderCodeLibraryPakFileMountedCallback: PakFile 'D:/UE_4.27/FeaturePacks/TP_VehicleBP.upack' (chunk index -1, root 'root:/') mounted
[2025.09.09-04.30.57:062][  0]LogShaderLibrary: Display: ShaderCodeLibraryPakFileMountedCallback: pending pak file info (ChunkID:-1 Root:root:/ File:D:/UE_4.27/FeaturePacks/TP_VehicleBP.upack)
[2025.09.09-04.30.57:062][  0]LogPakFile: OnPakFileMounted2Time == 0.000023
[2025.09.09-04.30.57:062][  0]LogPakFile: PakFile PrimaryIndexSize=192
[2025.09.09-04.30.57:062][  0]LogPakFile: PakFile PathHashIndexSize=101
[2025.09.09-04.30.57:062][  0]LogPakFile: PakFile FullDirectoryIndexSize=158
[2025.09.09-04.30.57:062][  0]LogShaderLibrary: Display: ShaderCodeLibraryPakFileMountedCallback: PakFile 'D:/UE_4.27/FeaturePacks/TP_VirtualRealityBP.upack' (chunk index -1, root 'root:/') mounted
[2025.09.09-04.30.57:062][  0]LogShaderLibrary: Display: ShaderCodeLibraryPakFileMountedCallback: pending pak file info (ChunkID:-1 Root:root:/ File:D:/UE_4.27/FeaturePacks/TP_VirtualRealityBP.upack)
[2025.09.09-04.30.57:062][  0]LogPakFile: OnPakFileMounted2Time == 0.000023
[2025.09.09-04.30.57:083][  0]LogNativeClassHierarchy: Verbose: Native class hierarchy updated for 'AddContentDialog' in 0.0002 seconds. Added 0 classes and 0 folders.
[2025.09.09-04.30.57:083][  0]LogSlate: The tab "/Game/MeshTool_ue4.MeshTool_ActiveTab" attempted to spawn in layout 'LevelEditor_Layout_v1.2' but failed for some reason. It will not be displayed.
[2025.09.09-04.30.57:083][  0]LogSlate: The tab "/Game/MeshTool_ue4.MeshTool_ActiveTab" attempted to spawn in layout 'LevelEditor_Layout_v1.2' but failed for some reason. It will not be displayed.
[2025.09.09-04.30.57:083][  0]LogSlate: The tab "/Game/MeshTool_ue4.MeshTool_ActiveTab" attempted to spawn in layout 'LevelEditor_Layout_v1.2' but failed for some reason. It will not be displayed.
[2025.09.09-04.30.57:083][  0]LogSlate: The tab "/Game/MeshTool_ue4.MeshTool_ActiveTab" attempted to spawn in layout 'LevelEditor_Layout_v1.2' but failed for some reason. It will not be displayed.
[2025.09.09-04.30.57:083][  0]LogSlate: The tab "/Game/TidyTool_ue4.TidyTool_ActiveTab" attempted to spawn in layout 'LevelEditor_Layout_v1.2' but failed for some reason. It will not be displayed.
[2025.09.09-04.30.57:083][  0]LogSlate: The tab "/Game/TidyTool_ue4.TidyTool_ActiveTab" attempted to spawn in layout 'LevelEditor_Layout_v1.2' but failed for some reason. It will not be displayed.
[2025.09.09-04.30.57:083][  0]LogSlate: The tab "/Game/TidyTool_ue4.TidyTool_ActiveTab" attempted to spawn in layout 'LevelEditor_Layout_v1.2' but failed for some reason. It will not be displayed.
[2025.09.09-04.30.57:084][  0]LogNativeClassHierarchy: Verbose: Native class hierarchy updated for 'SceneOutliner' in 0.0002 seconds. Added 2 classes and 0 folders.
[2025.09.09-04.30.57:128][  0]LogSlate: Took 0.000261 seconds to synchronously load lazily loaded font '../../../Engine/Content/Slate/Fonts/Roboto-Regular.ttf' (155K)
[2025.09.09-04.30.57:129][  0]LogSlate: Took 0.000178 seconds to synchronously load lazily loaded font '../../../Engine/Content/Editor/Slate/Fonts/FontAwesome.ttf' (139K)
[2025.09.09-04.30.57:130][  0]LogSlate: Took 0.001305 seconds to synchronously load lazily loaded font '../../../Engine/Content/Slate/Fonts/DroidSansFallback.ttf' (3848K)
[2025.09.09-04.30.57:131][  0]LogSlate: Took 0.000169 seconds to synchronously load lazily loaded font '../../../Engine/Content/Slate/Fonts/Roboto-Bold.ttf' (160K)
[2025.09.09-04.30.57:194][  0]LogRenderer: Reallocating scene render targets to support 844x320 Format 10 NumSamples 1 (Frame:1).
[2025.09.09-04.30.57:377][  0]LogNativeClassHierarchy: Verbose: Native class hierarchy updated for 'HierarchicalLODOutliner' in 0.0002 seconds. Added 0 classes and 0 folders.
[2025.09.09-04.30.57:377][  0]LogLoad: (Engine Initialization) Total time: 256.98 seconds
[2025.09.09-04.30.57:377][  0]LogLoad: (Engine Initialization) Total Blueprint compile time: 0.00 seconds
[2025.09.09-04.30.57:410][  0]LogAssetRegistry: Asset discovery search completed in 253.9630 seconds
[2025.09.09-04.30.57:414][  0]LogCollectionManager: Fixed up redirectors for 0 collections in 0.000003 seconds (updated 0 objects)
[2025.09.09-04.30.57:416][  0]LogContentStreaming: Texture pool size now 1000 MB
[2025.09.09-04.30.57:512][  4]LogSlate: Took 0.000319 seconds to synchronously load lazily loaded font '../../../Engine/Content/Slate/Fonts/Roboto-Light.ttf' (167K)
[2025.09.09-04.36.28:932][399]LogEditorViewport: Clicking on Actor (LMB): StaticMeshActor (SM_Floor_01)
[2025.09.09-04.37.20:872][536]LogEditorViewport: Clicking on Actor (LMB): StaticMeshActor (SM_Transparent_Curtain_01)
[2025.09.09-04.47.53:136][ 54]LogPlayLevel: PlayLevel: No blueprints needed recompiling
[2025.09.09-04.47.53:142][ 54]PIE: New page: PIE会话：model（2025年9月9日 下午8:47:53）
[2025.09.09-04.47.53:145][ 54]LogOnline: OSS: Creating online subsystem instance for: NULL
[2025.09.09-04.47.53:147][ 54]LogOnline: OSS: TryLoadSubsystemAndSetDefault: Loaded subsystem for module [NULL]
[2025.09.09-04.47.53:148][ 54]LogPlayLevel: Creating play world package: /Game/CityColor/Map/UEDPIE_0_model
[2025.09.09-04.47.53:160][ 54]LogPlayLevel: PIE: StaticDuplicateObject took: (0.011549s)
[2025.09.09-04.47.53:161][ 54]LogAIModule: Creating AISystem for world model
[2025.09.09-04.47.53:162][ 54]LogPlayLevel: PIE: World Init took: (0.001512s)
[2025.09.09-04.47.53:162][ 54]LogPlayLevel: PIE: Created PIE world by copying editor world from /Game/CityColor/Map/model.model to /Game/CityColor/Map/UEDPIE_0_model.model (0.014119s)
[2025.09.09-04.47.53:168][ 54]LogUObjectHash: Compacting FUObjectHashTables data took   0.59ms
[2025.09.09-04.47.53:171][ 54]LogAudio: Display: Creating Audio Device:                 Id: 2, Scope: Unique, Realtime: True
[2025.09.09-04.47.53:171][ 54]LogAudioMixer: Display: Audio Mixer Platform Settings:
[2025.09.09-04.47.53:171][ 54]LogAudioMixer: Display: 	Sample Rate:						  48000
[2025.09.09-04.47.53:171][ 54]LogAudioMixer: Display: 	Callback Buffer Frame Size Requested: 1024
[2025.09.09-04.47.53:171][ 54]LogAudioMixer: Display: 	Callback Buffer Frame Size To Use:	  1024
[2025.09.09-04.47.53:171][ 54]LogAudioMixer: Display: 	Number of buffers to queue:			  2
[2025.09.09-04.47.53:171][ 54]LogAudioMixer: Display: 	Max Channels (voices):				  32
[2025.09.09-04.47.53:171][ 54]LogAudioMixer: Display: 	Number of Async Source Workers:		  0
[2025.09.09-04.47.53:171][ 54]LogAudio: Display: AudioDevice MaxSources: 32
[2025.09.09-04.47.53:171][ 54]LogAudio: Display: Audio Spatialization Plugin: None (built-in).
[2025.09.09-04.47.53:171][ 54]LogAudio: Display: Audio Reverb Plugin: None (built-in).
[2025.09.09-04.47.53:171][ 54]LogAudio: Display: Audio Occlusion Plugin: None (built-in).
[2025.09.09-04.47.53:171][ 54]LogAudioMixer: Display: Initializing audio mixer.
[2025.09.09-04.47.53:176][ 54]LogAudioMixer: Display: 0: FrontLeft
[2025.09.09-04.47.53:176][ 54]LogAudioMixer: Display: 1: FrontRight
[2025.09.09-04.47.53:187][ 54]LogAudioMixer: Display: Using Audio Device DELL E1914H (NVIDIA High Definition Audio)
[2025.09.09-04.47.53:187][ 54]LogAudioMixer: Display: Initializing Sound Submixes...
[2025.09.09-04.47.53:187][ 54]LogAudioMixer: Display: Creating Master Submix 'MasterSubmixDefault'
[2025.09.09-04.47.53:187][ 54]LogAudioMixer: Display: Creating Master Submix 'MasterReverbSubmixDefault'
[2025.09.09-04.47.53:188][ 54]LogAudioMixer: Display: Creating Master Submix 'MasterEQSubmixDefault'
[2025.09.09-04.47.53:188][ 54]LogAudioMixer: FMixerPlatformXAudio2::StartAudioStream() called
[2025.09.09-04.47.53:188][ 54]LogAudioMixer: Display: Output buffers initialized: Frames=1024, Channels=2, Samples=2048
[2025.09.09-04.47.53:189][ 54]LogAudioMixer: Display: Starting AudioMixerPlatformInterface::RunInternal()
[2025.09.09-04.47.53:189][ 54]LogAudioMixer: Display: FMixerPlatformXAudio2::SubmitBuffer() called for the first time
[2025.09.09-04.47.53:189][ 54]LogInit: FAudioDevice initialized.
[2025.09.09-04.47.53:189][ 54]LogAudio: Display: Audio Device (ID: 2) registered with world 'model'.
[2025.09.09-04.47.53:226][ 54]LogSlate: Updating window title bar state: overlay mode, drag disabled, window buttons hidden, title bar hidden
[2025.09.09-04.47.53:228][ 54]LogLoad: Game class is 'GameModeBase'
[2025.09.09-04.47.53:236][ 54]LogPhysics: Warning: PopulatePhysXGeometryAndTransform(Convex): ConvexElem is missing ConvexMesh
[2025.09.09-04.47.53:236][ 54]LogPhysics: Warning: ForeachShape(Convex): ScaledElem[0] invalid
[2025.09.09-04.47.53:236][ 54]LogPhysics: Warning: PopulatePhysXGeometryAndTransform(Convex): ConvexElem is missing ConvexMesh
[2025.09.09-04.47.53:236][ 54]LogPhysics: Warning: ForeachShape(Convex): ScaledElem[1] invalid
[2025.09.09-04.47.53:236][ 54]LogPhysics: Warning: PopulatePhysXGeometryAndTransform(Convex): ConvexElem is missing ConvexMesh
[2025.09.09-04.47.53:236][ 54]LogPhysics: Warning: ForeachShape(Convex): ScaledElem[2] invalid
[2025.09.09-04.47.53:237][ 54]LogPhysics: Warning: PopulatePhysXGeometryAndTransform(Convex): ConvexElem is missing ConvexMesh
[2025.09.09-04.47.53:237][ 54]LogPhysics: Warning: ForeachShape(Convex): ScaledElem[3] invalid
[2025.09.09-04.47.53:237][ 54]LogPhysics: Warning: PopulatePhysXGeometryAndTransform(Convex): ConvexElem is missing ConvexMesh
[2025.09.09-04.47.53:237][ 54]LogPhysics: Warning: ForeachShape(Convex): ScaledElem[4] invalid
[2025.09.09-04.47.53:237][ 54]LogPhysics: Warning: PopulatePhysXGeometryAndTransform(Convex): ConvexElem is missing ConvexMesh
[2025.09.09-04.47.53:237][ 54]LogPhysics: Warning: ForeachShape(Convex): ScaledElem[5] invalid
[2025.09.09-04.47.53:238][ 54]LogWorld: Bringing World /Game/CityColor/Map/UEDPIE_0_model.model up for play (max tick rate 0) at 2025.09.09-12.47.53
[2025.09.09-04.47.53:240][ 54]LogOutputDevice: Warning: 

Script Stack (0 frames):

[2025.09.09-04.47.53:300][ 54]LogStats: FPlatformStackWalk::StackWalkAndDump -  0.060 s
[2025.09.09-04.47.53:300][ 54]LogOutputDevice: Error: === Handled ensure: ===
[2025.09.09-04.47.53:300][ 54]LogOutputDevice: Error: 
[2025.09.09-04.47.53:300][ 54]LogOutputDevice: Error: Ensure condition failed: Class.IsValid() [File:D:/Build/++UE4/Sync/Engine/Source/Runtime/Engine/Private/UserInterface/InputSettings.cpp] [Line: 460]
[2025.09.09-04.47.53:300][ 54]LogOutputDevice: Error: Invalid InputComponent class in Input Settings. Manual reset required.
[2025.09.09-04.47.53:300][ 54]LogOutputDevice: Error: Stack: 
[2025.09.09-04.47.53:300][ 54]LogOutputDevice: Error: [Callstack] 0x00007ffa7eef1e99 UE4Editor-Engine.dll!UnknownFunction []
[2025.09.09-04.47.53:300][ 54]LogOutputDevice: Error: [Callstack] 0x00007ffa7e706373 UE4Editor-Engine.dll!UnknownFunction []
[2025.09.09-04.47.53:300][ 54]LogOutputDevice: Error: [Callstack] 0x00007ffa7dcd0454 UE4Editor-Engine.dll!UnknownFunction []
[2025.09.09-04.47.53:300][ 54]LogOutputDevice: Error: [Callstack] 0x00007ffa7dce2da8 UE4Editor-Engine.dll!UnknownFunction []
[2025.09.09-04.47.53:300][ 54]LogOutputDevice: Error: [Callstack] 0x00007ffa7e78461d UE4Editor-Engine.dll!UnknownFunction []
[2025.09.09-04.47.53:300][ 54]LogOutputDevice: Error: [Callstack] 0x00007ffa7db1e979 UE4Editor-Engine.dll!UnknownFunction []
[2025.09.09-04.47.53:300][ 54]LogOutputDevice: Error: [Callstack] 0x00007ffa7c1c2c45 UE4Editor-UnrealEd.dll!UnknownFunction []
[2025.09.09-04.47.53:300][ 54]LogOutputDevice: Error: [Callstack] 0x00007ffa7c1e622f UE4Editor-UnrealEd.dll!UnknownFunction []
[2025.09.09-04.47.53:300][ 54]LogOutputDevice: Error: [Callstack] 0x00007ffa7c1c397d UE4Editor-UnrealEd.dll!UnknownFunction []
[2025.09.09-04.47.53:300][ 54]LogOutputDevice: Error: [Callstack] 0x00007ffa7c203772 UE4Editor-UnrealEd.dll!UnknownFunction []
[2025.09.09-04.47.53:300][ 54]LogOutputDevice: Error: [Callstack] 0x00007ffa7c206d31 UE4Editor-UnrealEd.dll!UnknownFunction []
[2025.09.09-04.47.53:300][ 54]LogOutputDevice: Error: [Callstack] 0x00007ffa7c2065f8 UE4Editor-UnrealEd.dll!UnknownFunction []
[2025.09.09-04.47.53:300][ 54]LogOutputDevice: Error: [Callstack] 0x00007ffa7bc60c8c UE4Editor-UnrealEd.dll!UnknownFunction []
[2025.09.09-04.47.53:300][ 54]LogOutputDevice: Error: [Callstack] 0x00007ffa7c562ba6 UE4Editor-UnrealEd.dll!UnknownFunction []
[2025.09.09-04.47.53:300][ 54]LogOutputDevice: Error: [Callstack] 0x00007ff63bcb87a0 UE4Editor.exe!UnknownFunction []
[2025.09.09-04.47.53:301][ 54]LogOutputDevice: Error: [Callstack] 0x00007ff63bcd0fcc UE4Editor.exe!UnknownFunction []
[2025.09.09-04.47.53:301][ 54]LogOutputDevice: Error: [Callstack] 0x00007ff63bcd10ba UE4Editor.exe!UnknownFunction []
[2025.09.09-04.47.53:301][ 54]LogOutputDevice: Error: [Callstack] 0x00007ff63bcd40dd UE4Editor.exe!UnknownFunction []
[2025.09.09-04.47.53:301][ 54]LogOutputDevice: Error: [Callstack] 0x00007ff63bce5984 UE4Editor.exe!UnknownFunction []
[2025.09.09-04.47.53:301][ 54]LogOutputDevice: Error: [Callstack] 0x00007ff63bce853a UE4Editor.exe!UnknownFunction []
[2025.09.09-04.47.53:301][ 54]LogOutputDevice: Error: [Callstack] 0x00007ffb62487344 KERNEL32.DLL!UnknownFunction []
[2025.09.09-04.47.53:301][ 54]LogOutputDevice: Error: [Callstack] 0x00007ffb644626b1 ntdll.dll!UnknownFunction []
[2025.09.09-04.47.53:301][ 54]LogOutputDevice: Error: 
[2025.09.09-04.47.53:311][ 54]LogStats:                SubmitErrorReport -  0.000 s
[2025.09.09-04.47.55:118][ 54]LogStats:                    SendNewReport -  1.807 s
[2025.09.09-04.47.55:118][ 54]LogStats:             FDebug::EnsureFailed -  1.879 s
[2025.09.09-04.47.55:119][ 54]LogWorld: Bringing up level for play took: 1.883296
[2025.09.09-04.47.55:120][ 54]LogOnline: OSS: Creating online subsystem instance for: :Context_3
[2025.09.09-04.47.55:126][ 54]LogOutputDevice: Warning: 

Script Stack (0 frames):

[2025.09.09-04.47.55:164][ 54]LogStats: FPlatformStackWalk::StackWalkAndDump -  0.038 s
[2025.09.09-04.47.55:164][ 54]LogOutputDevice: Error: === Handled ensure: ===
[2025.09.09-04.47.55:164][ 54]LogOutputDevice: Error: 
[2025.09.09-04.47.55:164][ 54]LogOutputDevice: Error: Ensure condition failed: Class.IsValid() [File:D:/Build/++UE4/Sync/Engine/Source/Runtime/Engine/Private/UserInterface/InputSettings.cpp] [Line: 453]
[2025.09.09-04.47.55:164][ 54]LogOutputDevice: Error: Invalid PlayerInput class in Input Settings. Manual reset required.
[2025.09.09-04.47.55:164][ 54]LogOutputDevice: Error: Stack: 
[2025.09.09-04.47.55:164][ 54]LogOutputDevice: Error: [Callstack] 0x00007ffa7eef2709 UE4Editor-Engine.dll!UnknownFunction []
[2025.09.09-04.47.55:164][ 54]LogOutputDevice: Error: [Callstack] 0x00007ffa7e7066f3 UE4Editor-Engine.dll!UnknownFunction []
[2025.09.09-04.47.55:164][ 54]LogOutputDevice: Error: [Callstack] 0x00007ffa7e1fd7ee UE4Editor-Engine.dll!UnknownFunction []
[2025.09.09-04.47.55:164][ 54]LogOutputDevice: Error: [Callstack] 0x00007ffa7e21105b UE4Editor-Engine.dll!UnknownFunction []
[2025.09.09-04.47.55:164][ 54]LogOutputDevice: Error: [Callstack] 0x00007ffa7dceb769 UE4Editor-Engine.dll!UnknownFunction []
[2025.09.09-04.47.55:164][ 54]LogOutputDevice: Error: [Callstack] 0x00007ffa7dd498ad UE4Editor-Engine.dll!UnknownFunction []
[2025.09.09-04.47.55:164][ 54]LogOutputDevice: Error: [Callstack] 0x00007ffa7db1e9de UE4Editor-Engine.dll!UnknownFunction []
[2025.09.09-04.47.55:164][ 54]LogOutputDevice: Error: [Callstack] 0x00007ffa7c1c2c45 UE4Editor-UnrealEd.dll!UnknownFunction []
[2025.09.09-04.47.55:164][ 54]LogOutputDevice: Error: [Callstack] 0x00007ffa7c1e622f UE4Editor-UnrealEd.dll!UnknownFunction []
[2025.09.09-04.47.55:164][ 54]LogOutputDevice: Error: [Callstack] 0x00007ffa7c1c397d UE4Editor-UnrealEd.dll!UnknownFunction []
[2025.09.09-04.47.55:164][ 54]LogOutputDevice: Error: [Callstack] 0x00007ffa7c203772 UE4Editor-UnrealEd.dll!UnknownFunction []
[2025.09.09-04.47.55:164][ 54]LogOutputDevice: Error: [Callstack] 0x00007ffa7c206d31 UE4Editor-UnrealEd.dll!UnknownFunction []
[2025.09.09-04.47.55:164][ 54]LogOutputDevice: Error: [Callstack] 0x00007ffa7c2065f8 UE4Editor-UnrealEd.dll!UnknownFunction []
[2025.09.09-04.47.55:164][ 54]LogOutputDevice: Error: [Callstack] 0x00007ffa7bc60c8c UE4Editor-UnrealEd.dll!UnknownFunction []
[2025.09.09-04.47.55:164][ 54]LogOutputDevice: Error: [Callstack] 0x00007ffa7c562ba6 UE4Editor-UnrealEd.dll!UnknownFunction []
[2025.09.09-04.47.55:164][ 54]LogOutputDevice: Error: [Callstack] 0x00007ff63bcb87a0 UE4Editor.exe!UnknownFunction []
[2025.09.09-04.47.55:164][ 54]LogOutputDevice: Error: [Callstack] 0x00007ff63bcd0fcc UE4Editor.exe!UnknownFunction []
[2025.09.09-04.47.55:164][ 54]LogOutputDevice: Error: [Callstack] 0x00007ff63bcd10ba UE4Editor.exe!UnknownFunction []
[2025.09.09-04.47.55:164][ 54]LogOutputDevice: Error: [Callstack] 0x00007ff63bcd40dd UE4Editor.exe!UnknownFunction []
[2025.09.09-04.47.55:164][ 54]LogOutputDevice: Error: [Callstack] 0x00007ff63bce5984 UE4Editor.exe!UnknownFunction []
[2025.09.09-04.47.55:164][ 54]LogOutputDevice: Error: [Callstack] 0x00007ff63bce853a UE4Editor.exe!UnknownFunction []
[2025.09.09-04.47.55:164][ 54]LogOutputDevice: Error: [Callstack] 0x00007ffb62487344 KERNEL32.DLL!UnknownFunction []
[2025.09.09-04.47.55:164][ 54]LogOutputDevice: Error: [Callstack] 0x00007ffb644626b1 ntdll.dll!UnknownFunction []
[2025.09.09-04.47.55:164][ 54]LogOutputDevice: Error: 
[2025.09.09-04.47.55:173][ 54]LogStats:                SubmitErrorReport -  0.000 s
[2025.09.09-04.48.00:942][ 54]LogStats:                    SendNewReport -  5.768 s
[2025.09.09-04.48.00:942][ 54]LogStats:             FDebug::EnsureFailed -  5.816 s
[2025.09.09-04.48.00:955][ 54]LogNativeClassHierarchy: Verbose: Native class hierarchy updated for 'MovieSceneCapture' in 0.0005 seconds. Added 20 classes and 0 folders.
[2025.09.09-04.48.00:963][ 54]PIE: 登陆的服务器
[2025.09.09-04.48.00:964][ 54]PIE: PIE总开始时间：7.832秒。
[2025.09.09-04.48.00:977][ 54]LogAudioMixer: Resetting audio stream to device id 
[2025.09.09-04.48.00:982][ 54]LogAudioMixer: Display: 0: FrontLeft
[2025.09.09-04.48.00:982][ 54]LogAudioMixer: Display: 1: FrontRight
[2025.09.09-04.48.01:000][ 54]LogAudioMixer: Resetting audio stream to device id 
[2025.09.09-04.48.01:006][ 54]LogAudioMixer: Display: 0: FrontLeft
[2025.09.09-04.48.01:006][ 54]LogAudioMixer: Display: 1: FrontRight
[2025.09.09-04.48.01:050][ 55]LogRenderer: Reallocating scene render targets to support 1280x696 Format 10 NumSamples 1 (Frame:1).
[2025.09.09-04.49.57:126][903]LogRenderer: Reallocating scene render targets to support 1920x1080 Format 10 NumSamples 1 (Frame:13849).
[2025.09.09-04.49.57:308][906]LogClient: 高分辨率截图另存为 E:/F盘/上传官网/xrz-zj1/Saved/Screenshots/Windows/HighresScreenshot00000.png
[2025.09.09-04.49.57:310][907]LogSlate: Took 0.000220 seconds to synchronously load lazily loaded font '../../../Engine/Content/Slate/Fonts/Roboto-Light.ttf' (167K)
[2025.09.09-04.49.58:367][982]LogSlate: Updating window title bar state: overlay mode, drag disabled, window buttons hidden, title bar hidden
[2025.09.09-04.49.58:367][982]LogWorld: BeginTearingDown for /Game/CityColor/Map/UEDPIE_0_model
[2025.09.09-04.49.58:367][982]LogSlate: Window 'model预览[NetMode: Standalone]  (64-bit/Windows) ' being destroyed
[2025.09.09-04.49.58:376][982]LogWorld: UWorld::CleanupWorld for model, bSessionEnded=true, bCleanupResources=true
[2025.09.09-04.49.58:377][982]LogSlate: InvalidateAllWidgets triggered.  All widgets were invalidated
[2025.09.09-04.49.58:385][982]LogPlayLevel: Display: Shutting down PIE online subsystems
[2025.09.09-04.49.58:395][982]LogSlate: InvalidateAllWidgets triggered.  All widgets were invalidated
[2025.09.09-04.49.58:398][982]LogAudio: Display: Audio Device unregistered from world 'None'.
[2025.09.09-04.49.58:398][982]LogAudioMixer: FMixerPlatformXAudio2::StopAudioStream() called
[2025.09.09-04.49.58:399][982]LogAudioMixer: FMixerPlatformXAudio2::StopAudioStream() called
[2025.09.09-04.49.58:405][982]LogUObjectHash: Compacting FUObjectHashTables data took   0.48ms
[2025.09.09-04.49.58:437][984]LogPlayLevel: Display: Destroying online subsystem :Context_3
[2025.09.09-04.49.59:444][105]LogEditorViewport: Clicking on Actor (LMB): StaticMeshActor (SM_Leafy_plants002)
[2025.09.09-04.50.05:219][752]LogTemp: Repeating last play command: 新建编辑器窗口（编辑器中运行）
[2025.09.09-04.50.05:226][752]LogPlayLevel: PlayLevel: No blueprints needed recompiling
[2025.09.09-04.50.05:226][752]PIE: New page: PIE会话：model（2025年9月9日 下午8:50:05）
[2025.09.09-04.50.05:226][752]LogPlayLevel: Creating play world package: /Game/CityColor/Map/UEDPIE_0_model
[2025.09.09-04.50.05:233][752]LogPlayLevel: PIE: StaticDuplicateObject took: (0.006827s)
[2025.09.09-04.50.05:233][752]LogAIModule: Creating AISystem for world model
[2025.09.09-04.50.05:234][752]LogPlayLevel: PIE: World Init took: (0.001393s)
[2025.09.09-04.50.05:234][752]LogPlayLevel: PIE: Created PIE world by copying editor world from /Game/CityColor/Map/model.model to /Game/CityColor/Map/UEDPIE_0_model.model (0.008343s)
[2025.09.09-04.50.05:238][752]LogUObjectHash: Compacting FUObjectHashTables data took   0.45ms
[2025.09.09-04.50.05:239][752]LogAudio: Display: Creating Audio Device:                 Id: 3, Scope: Unique, Realtime: True
[2025.09.09-04.50.05:239][752]LogAudioMixer: Display: Audio Mixer Platform Settings:
[2025.09.09-04.50.05:239][752]LogAudioMixer: Display: 	Sample Rate:						  48000
[2025.09.09-04.50.05:239][752]LogAudioMixer: Display: 	Callback Buffer Frame Size Requested: 1024
[2025.09.09-04.50.05:239][752]LogAudioMixer: Display: 	Callback Buffer Frame Size To Use:	  1024
[2025.09.09-04.50.05:239][752]LogAudioMixer: Display: 	Number of buffers to queue:			  2
[2025.09.09-04.50.05:239][752]LogAudioMixer: Display: 	Max Channels (voices):				  32
[2025.09.09-04.50.05:239][752]LogAudioMixer: Display: 	Number of Async Source Workers:		  0
[2025.09.09-04.50.05:239][752]LogAudio: Display: AudioDevice MaxSources: 32
[2025.09.09-04.50.05:239][752]LogAudio: Display: Audio Spatialization Plugin: None (built-in).
[2025.09.09-04.50.05:239][752]LogAudio: Display: Audio Reverb Plugin: None (built-in).
[2025.09.09-04.50.05:239][752]LogAudio: Display: Audio Occlusion Plugin: None (built-in).
[2025.09.09-04.50.05:239][752]LogAudioMixer: Display: Initializing audio mixer.
[2025.09.09-04.50.05:243][752]LogAudioMixer: Display: 0: FrontLeft
[2025.09.09-04.50.05:243][752]LogAudioMixer: Display: 1: FrontRight
[2025.09.09-04.50.05:252][752]LogAudioMixer: Display: Using Audio Device DELL E1914H (NVIDIA High Definition Audio)
[2025.09.09-04.50.05:252][752]LogAudioMixer: Display: Initializing Sound Submixes...
[2025.09.09-04.50.05:252][752]LogAudioMixer: Display: Creating Master Submix 'MasterSubmixDefault'
[2025.09.09-04.50.05:252][752]LogAudioMixer: Display: Creating Master Submix 'MasterReverbSubmixDefault'
[2025.09.09-04.50.05:252][752]LogAudioMixer: Display: Creating Master Submix 'MasterEQSubmixDefault'
[2025.09.09-04.50.05:252][752]LogAudioMixer: FMixerPlatformXAudio2::StartAudioStream() called
[2025.09.09-04.50.05:252][752]LogAudioMixer: Display: Output buffers initialized: Frames=1024, Channels=2, Samples=2048
[2025.09.09-04.50.05:253][752]LogAudioMixer: Display: Starting AudioMixerPlatformInterface::RunInternal()
[2025.09.09-04.50.05:253][752]LogAudioMixer: Display: FMixerPlatformXAudio2::SubmitBuffer() called for the first time
[2025.09.09-04.50.05:253][752]LogInit: FAudioDevice initialized.
[2025.09.09-04.50.05:253][752]LogAudio: Display: Audio Device (ID: 3) registered with world 'model'.
[2025.09.09-04.50.05:311][752]LogSlate: Updating window title bar state: overlay mode, drag disabled, window buttons hidden, title bar hidden
[2025.09.09-04.50.05:311][752]LogLoad: Game class is 'GameModeBase'
[2025.09.09-04.50.05:315][752]LogPhysics: Warning: PopulatePhysXGeometryAndTransform(Convex): ConvexElem is missing ConvexMesh
[2025.09.09-04.50.05:315][752]LogPhysics: Warning: ForeachShape(Convex): ScaledElem[0] invalid
[2025.09.09-04.50.05:315][752]LogPhysics: Warning: PopulatePhysXGeometryAndTransform(Convex): ConvexElem is missing ConvexMesh
[2025.09.09-04.50.05:315][752]LogPhysics: Warning: ForeachShape(Convex): ScaledElem[1] invalid
[2025.09.09-04.50.05:315][752]LogPhysics: Warning: PopulatePhysXGeometryAndTransform(Convex): ConvexElem is missing ConvexMesh
[2025.09.09-04.50.05:315][752]LogPhysics: Warning: ForeachShape(Convex): ScaledElem[2] invalid
[2025.09.09-04.50.05:315][752]LogPhysics: Warning: PopulatePhysXGeometryAndTransform(Convex): ConvexElem is missing ConvexMesh
[2025.09.09-04.50.05:315][752]LogPhysics: Warning: ForeachShape(Convex): ScaledElem[3] invalid
[2025.09.09-04.50.05:315][752]LogPhysics: Warning: PopulatePhysXGeometryAndTransform(Convex): ConvexElem is missing ConvexMesh
[2025.09.09-04.50.05:315][752]LogPhysics: Warning: ForeachShape(Convex): ScaledElem[4] invalid
[2025.09.09-04.50.05:315][752]LogPhysics: Warning: PopulatePhysXGeometryAndTransform(Convex): ConvexElem is missing ConvexMesh
[2025.09.09-04.50.05:315][752]LogPhysics: Warning: ForeachShape(Convex): ScaledElem[5] invalid
[2025.09.09-04.50.05:318][752]LogWorld: Bringing World /Game/CityColor/Map/UEDPIE_0_model.model up for play (max tick rate 0) at 2025.09.09-12.50.05
[2025.09.09-04.50.05:319][752]LogWorld: Bringing up level for play took: 0.006144
[2025.09.09-04.50.05:319][752]LogOnline: OSS: Creating online subsystem instance for: :Context_4
[2025.09.09-04.50.05:323][752]PIE: 登陆的服务器
[2025.09.09-04.50.05:324][752]PIE: PIE总开始时间：0.1秒。
[2025.09.09-04.51.13:096][835]LogRenderer: Reallocating scene render targets to support 1920x1080 Format 10 NumSamples 1 (Frame:8083).
[2025.09.09-04.51.13:280][838]LogClient: 高分辨率截图另存为 E:/F盘/上传官网/xrz-zj1/Saved/Screenshots/Windows/HighresScreenshot00001.png
[2025.09.09-04.51.14:226][900]LogSlate: Updating window title bar state: overlay mode, drag disabled, window buttons hidden, title bar hidden
[2025.09.09-04.51.14:226][900]LogWorld: BeginTearingDown for /Game/CityColor/Map/UEDPIE_0_model
[2025.09.09-04.51.14:226][900]LogSlate: Window 'model预览[NetMode: Standalone]  (64-bit/Windows) ' being destroyed
[2025.09.09-04.51.14:239][900]LogWorld: UWorld::CleanupWorld for model, bSessionEnded=true, bCleanupResources=true
[2025.09.09-04.51.14:240][900]LogSlate: InvalidateAllWidgets triggered.  All widgets were invalidated
[2025.09.09-04.51.14:252][900]LogPlayLevel: Display: Shutting down PIE online subsystems
[2025.09.09-04.51.14:263][900]LogSlate: InvalidateAllWidgets triggered.  All widgets were invalidated
[2025.09.09-04.51.14:267][900]LogAudioMixer: FMixerPlatformXAudio2::StopAudioStream() called
[2025.09.09-04.51.14:268][900]LogAudioMixer: FMixerPlatformXAudio2::StopAudioStream() called
[2025.09.09-04.51.14:272][900]LogUObjectHash: Compacting FUObjectHashTables data took   0.49ms
[2025.09.09-04.51.14:307][902]LogPlayLevel: Display: Destroying online subsystem :Context_4
[2025.09.09-04.51.15:182][  7]LogEditorViewport: Clicking on Actor (LMB): StaticMeshActor (SM_succulent061)
[2025.09.09-04.51.20:576][615]LogTemp: Repeating last play command: 新建编辑器窗口（编辑器中运行）
[2025.09.09-04.51.20:580][615]LogPlayLevel: PlayLevel: No blueprints needed recompiling
[2025.09.09-04.51.20:580][615]PIE: New page: PIE会话：model（2025年9月9日 下午8:51:20）
[2025.09.09-04.51.20:580][615]LogPlayLevel: Creating play world package: /Game/CityColor/Map/UEDPIE_0_model
[2025.09.09-04.51.20:587][615]LogPlayLevel: PIE: StaticDuplicateObject took: (0.007110s)
[2025.09.09-04.51.20:588][615]LogAIModule: Creating AISystem for world model
[2025.09.09-04.51.20:588][615]LogPlayLevel: PIE: World Init took: (0.000959s)
[2025.09.09-04.51.20:588][615]LogPlayLevel: PIE: Created PIE world by copying editor world from /Game/CityColor/Map/model.model to /Game/CityColor/Map/UEDPIE_0_model.model (0.008197s)
[2025.09.09-04.51.20:592][615]LogUObjectHash: Compacting FUObjectHashTables data took   0.50ms
[2025.09.09-04.51.20:593][615]LogAudio: Display: Creating Audio Device:                 Id: 4, Scope: Unique, Realtime: True
[2025.09.09-04.51.20:593][615]LogAudioMixer: Display: Audio Mixer Platform Settings:
[2025.09.09-04.51.20:593][615]LogAudioMixer: Display: 	Sample Rate:						  48000
[2025.09.09-04.51.20:593][615]LogAudioMixer: Display: 	Callback Buffer Frame Size Requested: 1024
[2025.09.09-04.51.20:593][615]LogAudioMixer: Display: 	Callback Buffer Frame Size To Use:	  1024
[2025.09.09-04.51.20:593][615]LogAudioMixer: Display: 	Number of buffers to queue:			  2
[2025.09.09-04.51.20:593][615]LogAudioMixer: Display: 	Max Channels (voices):				  32
[2025.09.09-04.51.20:593][615]LogAudioMixer: Display: 	Number of Async Source Workers:		  0
[2025.09.09-04.51.20:593][615]LogAudio: Display: AudioDevice MaxSources: 32
[2025.09.09-04.51.20:593][615]LogAudio: Display: Audio Spatialization Plugin: None (built-in).
[2025.09.09-04.51.20:593][615]LogAudio: Display: Audio Reverb Plugin: None (built-in).
[2025.09.09-04.51.20:593][615]LogAudio: Display: Audio Occlusion Plugin: None (built-in).
[2025.09.09-04.51.20:594][615]LogAudioMixer: Display: Initializing audio mixer.
[2025.09.09-04.51.20:598][615]LogAudioMixer: Display: 0: FrontLeft
[2025.09.09-04.51.20:598][615]LogAudioMixer: Display: 1: FrontRight
[2025.09.09-04.51.20:607][615]LogAudioMixer: Display: Using Audio Device DELL E1914H (NVIDIA High Definition Audio)
[2025.09.09-04.51.20:607][615]LogAudioMixer: Display: Initializing Sound Submixes...
[2025.09.09-04.51.20:607][615]LogAudioMixer: Display: Creating Master Submix 'MasterSubmixDefault'
[2025.09.09-04.51.20:607][615]LogAudioMixer: Display: Creating Master Submix 'MasterReverbSubmixDefault'
[2025.09.09-04.51.20:608][615]LogAudioMixer: Display: Creating Master Submix 'MasterEQSubmixDefault'
[2025.09.09-04.51.20:608][615]LogAudioMixer: FMixerPlatformXAudio2::StartAudioStream() called
[2025.09.09-04.51.20:608][615]LogAudioMixer: Display: Output buffers initialized: Frames=1024, Channels=2, Samples=2048
[2025.09.09-04.51.20:608][615]LogAudioMixer: Display: Starting AudioMixerPlatformInterface::RunInternal()
[2025.09.09-04.51.20:608][615]LogAudioMixer: Display: FMixerPlatformXAudio2::SubmitBuffer() called for the first time
[2025.09.09-04.51.20:608][615]LogInit: FAudioDevice initialized.
[2025.09.09-04.51.20:608][615]LogAudio: Display: Audio Device (ID: 4) registered with world 'model'.
[2025.09.09-04.51.20:660][615]LogSlate: Updating window title bar state: overlay mode, drag disabled, window buttons hidden, title bar hidden
[2025.09.09-04.51.20:661][615]LogLoad: Game class is 'GameModeBase'
[2025.09.09-04.51.20:666][615]LogPhysics: Warning: PopulatePhysXGeometryAndTransform(Convex): ConvexElem is missing ConvexMesh
[2025.09.09-04.51.20:666][615]LogPhysics: Warning: ForeachShape(Convex): ScaledElem[0] invalid
[2025.09.09-04.51.20:666][615]LogPhysics: Warning: PopulatePhysXGeometryAndTransform(Convex): ConvexElem is missing ConvexMesh
[2025.09.09-04.51.20:666][615]LogPhysics: Warning: ForeachShape(Convex): ScaledElem[1] invalid
[2025.09.09-04.51.20:666][615]LogPhysics: Warning: PopulatePhysXGeometryAndTransform(Convex): ConvexElem is missing ConvexMesh
[2025.09.09-04.51.20:666][615]LogPhysics: Warning: ForeachShape(Convex): ScaledElem[2] invalid
[2025.09.09-04.51.20:666][615]LogPhysics: Warning: PopulatePhysXGeometryAndTransform(Convex): ConvexElem is missing ConvexMesh
[2025.09.09-04.51.20:666][615]LogPhysics: Warning: ForeachShape(Convex): ScaledElem[3] invalid
[2025.09.09-04.51.20:666][615]LogPhysics: Warning: PopulatePhysXGeometryAndTransform(Convex): ConvexElem is missing ConvexMesh
[2025.09.09-04.51.20:666][615]LogPhysics: Warning: ForeachShape(Convex): ScaledElem[4] invalid
[2025.09.09-04.51.20:666][615]LogPhysics: Warning: PopulatePhysXGeometryAndTransform(Convex): ConvexElem is missing ConvexMesh
[2025.09.09-04.51.20:666][615]LogPhysics: Warning: ForeachShape(Convex): ScaledElem[5] invalid
[2025.09.09-04.51.20:670][615]LogWorld: Bringing World /Game/CityColor/Map/UEDPIE_0_model.model up for play (max tick rate 0) at 2025.09.09-12.51.20
[2025.09.09-04.51.20:671][615]LogWorld: Bringing up level for play took: 0.007951
[2025.09.09-04.51.20:671][615]LogOnline: OSS: Creating online subsystem instance for: :Context_5
[2025.09.09-04.51.20:675][615]PIE: 登陆的服务器
[2025.09.09-04.51.20:676][615]PIE: PIE总开始时间：0.097秒。
[2025.09.09-04.51.38:648][753]LogRenderer: Reallocating scene render targets to support 1920x1080 Format 10 NumSamples 1 (Frame:2138).
[2025.09.09-04.51.38:832][756]LogClient: 高分辨率截图另存为 E:/F盘/上传官网/xrz-zj1/Saved/Screenshots/Windows/HighresScreenshot00002.png
[2025.09.09-04.51.39:706][813]LogSlate: Updating window title bar state: overlay mode, drag disabled, window buttons hidden, title bar hidden
[2025.09.09-04.51.39:706][813]LogWorld: BeginTearingDown for /Game/CityColor/Map/UEDPIE_0_model
[2025.09.09-04.51.39:707][813]LogSlate: Window 'model预览[NetMode: Standalone]  (64-bit/Windows) ' being destroyed
[2025.09.09-04.51.39:715][813]LogWorld: UWorld::CleanupWorld for model, bSessionEnded=true, bCleanupResources=true
[2025.09.09-04.51.39:716][813]LogSlate: InvalidateAllWidgets triggered.  All widgets were invalidated
[2025.09.09-04.51.39:726][813]LogPlayLevel: Display: Shutting down PIE online subsystems
[2025.09.09-04.51.39:736][813]LogSlate: InvalidateAllWidgets triggered.  All widgets were invalidated
[2025.09.09-04.51.39:740][813]LogAudioMixer: FMixerPlatformXAudio2::StopAudioStream() called
[2025.09.09-04.51.39:741][813]LogAudioMixer: FMixerPlatformXAudio2::StopAudioStream() called
[2025.09.09-04.51.39:745][813]LogUObjectHash: Compacting FUObjectHashTables data took   0.50ms
[2025.09.09-04.51.39:779][815]LogPlayLevel: Display: Destroying online subsystem :Context_5
[2025.09.09-04.51.41:382][  7]LogEditorViewport: Clicking on Actor (LMB): StaticMeshActor (SM_succulent002)
[2025.09.09-04.51.46:323][581]LogEditorViewport: Clicking on Actor (LMB): StaticMeshActor (SM_succulent059)
[2025.09.09-04.53.04:571][858]LogEditorViewport: Clicking on Actor (LMB): StaticMeshActor (SM_succulent045)
[2025.09.09-04.53.05:854][  8]LogEditorViewport: Clicking on Actor (LMB): StaticMeshActor (SM_pedestal001)
[2025.09.09-05.11.46:869][ 80]LogUObjectHash: Compacting FUObjectHashTables data took   0.84ms
[2025.09.09-05.11.46:877][ 80]LogSlate: Window 'model - 虚幻编辑器' being destroyed
[2025.09.09-05.11.46:941][ 81]Cmd: QUIT_EDITOR
[2025.09.09-05.11.46:941][ 81]LogCore: Engine exit requested (reason: UUnrealEdEngine::CloseEditor())
[2025.09.09-05.11.46:943][ 81]LogCore: Engine exit requested (reason: EngineExit() was called; note: exit was already requested)
[2025.09.09-05.11.47:726][ 81]LogAudio: Display: Beginning Audio Device Manager Shutdown (Module: AudioMixerXAudio2)...
[2025.09.09-05.11.47:726][ 81]LogAudio: Display: Destroying 1 Remaining Audio Device(s)...
[2025.09.09-05.11.47:726][ 81]LogAudio: Display: Audio Device unregistered from world 'model'.
[2025.09.09-05.11.47:726][ 81]LogAudioMixer: FMixerPlatformXAudio2::StopAudioStream() called
[2025.09.09-05.11.47:727][ 81]LogAudioMixer: FMixerPlatformXAudio2::StopAudioStream() called
[2025.09.09-05.11.47:730][ 81]LogAudio: Display: Audio Device Manager Shutdown
[2025.09.09-05.11.47:732][ 81]LogWindowsTextInputMethodSystem: Display: IME system activated using TSF (微软拼音).
[2025.09.09-05.11.47:737][ 81]LogExit: Preparing to exit.
[2025.09.09-05.11.47:829][ 81]LogUObjectHash: Compacting FUObjectHashTables data took   0.53ms
[2025.09.09-05.11.47:958][ 81]LogWorld: UWorld::CleanupWorld for World_1, bSessionEnded=true, bCleanupResources=true
[2025.09.09-05.11.47:958][ 81]LogWorld: UWorld::CleanupWorld for World_0, bSessionEnded=true, bCleanupResources=true
[2025.09.09-05.11.47:983][ 81]LogDemo: Cleaned up 0 splitscreen connections with owner deletion
[2025.09.09-05.11.47:989][ 81]LogExit: Editor shut down
[2025.09.09-05.11.47:990][ 81]LogExit: Transaction tracking system shut down
[2025.09.09-05.11.48:216][ 81]LogExit: Object subsystem successfully closed.
[2025.09.09-05.11.48:231][ 81]LogShaderCompilers: Display: === FShaderJobCache stats ===
[2025.09.09-05.11.48:231][ 81]LogShaderCompilers: Display: Total job queries 150, among them cache hits 0 (0.00%)
[2025.09.09-05.11.48:231][ 81]LogShaderCompilers: Display: Tracking 150 distinct input hashes that result in 121 distinct outputs (80.67%)
[2025.09.09-05.11.48:231][ 81]LogShaderCompilers: Display: RAM used: 0.71 MB (0.00 GB) of 1638.40 MB (1.60 GB) budget. Usage: 0.04%
[2025.09.09-05.11.48:231][ 81]LogShaderCompilers: Display: ================================================
[2025.09.09-05.11.48:245][ 81]LogShaderCompilers: Display: Shaders left to compile 0
[2025.09.09-05.11.48:256][ 81]LogModuleManager: Shutting down and abandoning module MovieSceneCapture (874)
[2025.09.09-05.11.48:256][ 81]LogModuleManager: Shutting down and abandoning module Voice (872)
[2025.09.09-05.11.48:256][ 81]LogModuleManager: Shutting down and abandoning module HierarchicalLODOutliner (870)
[2025.09.09-05.11.48:256][ 81]LogModuleManager: Shutting down and abandoning module SceneOutliner (868)
[2025.09.09-05.11.48:256][ 81]LogModuleManager: Shutting down and abandoning module AddContentDialog (866)
[2025.09.09-05.11.48:257][ 81]LogModuleManager: Shutting down and abandoning module WidgetCarousel (865)
[2025.09.09-05.11.48:257][ 81]LogModuleManager: Shutting down and abandoning module EditorWidgets (862)
[2025.09.09-05.11.48:257][ 81]LogModuleManager: Shutting down and abandoning module StatsViewer (860)
[2025.09.09-05.11.48:257][ 81]LogModuleManager: Shutting down and abandoning module PIEPreviewDeviceProfileSelector (858)
[2025.09.09-05.11.48:257][ 81]LogModuleManager: Shutting down and abandoning module SequenceRecorderSections (856)
[2025.09.09-05.11.48:257][ 81]LogModuleManager: Shutting down and abandoning module AutomationWorker (854)
[2025.09.09-05.11.48:257][ 81]LogModuleManager: Shutting down and abandoning module SteamVREditor (852)
[2025.09.09-05.11.48:257][ 81]LogModuleManager: Shutting down and abandoning module OculusMR (850)
[2025.09.09-05.11.48:257][ 81]LogModuleManager: Shutting down and abandoning module TextureAlignMode (848)
[2025.09.09-05.11.48:257][ 81]LogModuleManager: Shutting down and abandoning module BspMode (846)
[2025.09.09-05.11.48:257][ 81]LogModuleManager: Shutting down and abandoning module GeometryMode (844)
[2025.09.09-05.11.48:257][ 81]LogModuleManager: Shutting down and abandoning module TakeRecorderSources (842)
[2025.09.09-05.11.48:257][ 81]LogModuleManager: Shutting down and abandoning module TakeRecorder (841)
[2025.09.09-05.11.48:257][ 81]LogModuleManager: Shutting down and abandoning module TakeTrackRecorders (838)
[2025.09.09-05.11.48:257][ 81]LogModuleManager: Shutting down and abandoning module TakesCore (836)
[2025.09.09-05.11.48:257][ 81]LogModuleManager: Shutting down and abandoning module OpenXRInput (834)
[2025.09.09-05.11.48:257][ 81]LogModuleManager: Shutting down and abandoning module GooglePADEditor (832)
[2025.09.09-05.11.48:257][ 81]LogModuleManager: Shutting down and abandoning module AudioCaptureEditor (830)
[2025.09.09-05.11.48:258][ 81]LogModuleManager: Shutting down and abandoning module TemplateSequenceEditor (828)
[2025.09.09-05.11.48:258][ 81]LogModuleManager: Shutting down and abandoning module MatineeToLevelSequence (826)
[2025.09.09-05.11.48:258][ 81]LogModuleManager: Shutting down and abandoning module LevelSequenceEditor (824)
[2025.09.09-05.11.48:258][ 81]LogModuleManager: Shutting down and abandoning module ActorSequenceEditor (822)
[2025.09.09-05.11.48:258][ 81]LogModuleManager: Shutting down and abandoning module WmfMediaFactory (820)
[2025.09.09-05.11.48:258][ 81]LogModuleManager: Shutting down and abandoning module WmfMediaEditor (818)
[2025.09.09-05.11.48:258][ 81]LogModuleManager: Shutting down and abandoning module WebMMediaFactory (816)
[2025.09.09-05.11.48:258][ 81]LogModuleManager: Shutting down and abandoning module WebMMediaEditor (814)
[2025.09.09-05.11.48:258][ 81]LogModuleManager: Shutting down and abandoning module WebMMedia (812)
[2025.09.09-05.11.48:258][ 81]LogModuleManager: Shutting down and abandoning module MediaPlayerEditor (810)
[2025.09.09-05.11.48:258][ 81]LogModuleManager: Shutting down and abandoning module MediaCompositingEditor (808)
[2025.09.09-05.11.48:258][ 81]LogModuleManager: Shutting down and abandoning module SequenceRecorder (807)
[2025.09.09-05.11.48:258][ 81]LogModuleManager: Shutting down and abandoning module OpenExrWrapper (804)
[2025.09.09-05.11.48:258][ 81]LogModuleManager: Shutting down and abandoning module ImgMediaFactory (802)
[2025.09.09-05.11.48:258][ 81]LogModuleManager: Shutting down and abandoning module ImgMediaEditor (800)
[2025.09.09-05.11.48:258][ 81]LogModuleManager: Shutting down and abandoning module AvfMediaFactory (798)
[2025.09.09-05.11.48:258][ 81]LogModuleManager: Shutting down and abandoning module AvfMediaEditor (796)
[2025.09.09-05.11.48:258][ 81]LogModuleManager: Shutting down and abandoning module AndroidMediaFactory (794)
[2025.09.09-05.11.48:258][ 81]LogModuleManager: Shutting down and abandoning module AndroidMediaEditor (792)
[2025.09.09-05.11.48:258][ 81]LogModuleManager: Shutting down and abandoning module MagicLeapMediaCodecFactory (790)
[2025.09.09-05.11.48:258][ 81]LogModuleManager: Shutting down and abandoning module MagicLeapMediaFactory (788)
[2025.09.09-05.11.48:258][ 81]LogModuleManager: Shutting down and abandoning module MagicLeapMediaEditor (786)
[2025.09.09-05.11.48:258][ 81]LogModuleManager: Shutting down and abandoning module PlanarCut (784)
[2025.09.09-05.11.48:258][ 81]LogModuleManager: Shutting down and abandoning module CharacterAI (782)
[2025.09.09-05.11.48:258][ 81]LogModuleManager: Shutting down and abandoning module CameraShakePreviewer (780)
[2025.09.09-05.11.48:258][ 81]LogModuleManager: Shutting down and abandoning module SmartSnapping (778)
[2025.09.09-05.11.48:258][ 81]LogModuleManager: Shutting down and abandoning module SessionServices (776)
[2025.09.09-05.11.48:258][ 81]LogModuleManager: Shutting down and abandoning module MeshPaint (774)
[2025.09.09-05.11.48:258][ 81]LogModuleManager: Shutting down and abandoning module VirtualTexturingEditor (772)
[2025.09.09-05.11.48:258][ 81]LogModuleManager: Shutting down and abandoning module FoliageEdit (770)
[2025.09.09-05.11.48:258][ 81]LogModuleManager: Shutting down and abandoning module LandscapeEditor (768)
[2025.09.09-05.11.48:259][ 81]LogModuleManager: Shutting down and abandoning module MeshPaintMode (766)
[2025.09.09-05.11.48:259][ 81]LogModuleManager: Shutting down and abandoning module SceneDepthPickerMode (764)
[2025.09.09-05.11.48:259][ 81]LogModuleManager: Shutting down and abandoning module ActorPickerMode (762)
[2025.09.09-05.11.48:259][ 81]LogModuleManager: Shutting down and abandoning module PlacementMode (760)
[2025.09.09-05.11.48:259][ 81]LogModuleManager: Shutting down and abandoning module ViewportSnapping (758)
[2025.09.09-05.11.48:259][ 81]LogModuleManager: Shutting down and abandoning module ViewportInteraction (756)
[2025.09.09-05.11.48:259][ 81]LogModuleManager: Shutting down and abandoning module ClothPainter (754)
[2025.09.09-05.11.48:259][ 81]LogModuleManager: Shutting down and abandoning module SkeletalMeshEditor (753)
[2025.09.09-05.11.48:259][ 81]LogModuleManager: Shutting down and abandoning module LogVisualizer (750)
[2025.09.09-05.11.48:259][ 81]LogModuleManager: Shutting down and abandoning module IntroTutorials (748)
[2025.09.09-05.11.48:259][ 81]LogModuleManager: Shutting down and abandoning module GameProjectGeneration (747)
[2025.09.09-05.11.48:259][ 81]LogModuleManager: Shutting down and abandoning module LuminPlatformEditor (744)
[2025.09.09-05.11.48:259][ 81]LogModuleManager: Shutting down and abandoning module IOSPlatformEditor (742)
[2025.09.09-05.11.48:259][ 81]LogModuleManager: Shutting down and abandoning module AndroidPlatformEditor (740)
[2025.09.09-05.11.48:259][ 81]LogModuleManager: Shutting down and abandoning module AndroidDeviceDetection (739)
[2025.09.09-05.11.49:877][ 81]LogModuleManager: Shutting down and abandoning module WindowsPlatformEditor (736)
[2025.09.09-05.11.49:877][ 81]LogModuleManager: Shutting down and abandoning module LuminRuntimeSettings (734)
[2025.09.09-05.11.49:877][ 81]LogModuleManager: Shutting down and abandoning module IOSRuntimeSettings (732)
[2025.09.09-05.11.49:877][ 81]LogModuleManager: Shutting down and abandoning module AndroidRuntimeSettings (730)
[2025.09.09-05.11.49:877][ 81]LogModuleManager: Shutting down and abandoning module TraceInsights (728)
[2025.09.09-05.11.49:877][ 81]MemoryProfiler: Shutdown
[2025.09.09-05.11.49:877][ 81]NetworkingProfiler: Shutdown
[2025.09.09-05.11.49:877][ 81]LoadingProfiler: Shutdown
[2025.09.09-05.11.49:877][ 81]TimingProfiler: Shutdown
[2025.09.09-05.11.49:878][ 81]LogModuleManager: Shutting down and abandoning module TraceServices (727)
[2025.09.09-05.11.49:878][ 81]LogModuleManager: Shutting down and abandoning module EditorInteractiveToolsFramework (724)
[2025.09.09-05.11.49:878][ 81]LogModuleManager: Shutting down and abandoning module TimeManagementEditor (722)
[2025.09.09-05.11.49:878][ 81]LogModuleManager: Shutting down and abandoning module InputBindingEditor (720)
[2025.09.09-05.11.49:878][ 81]LogModuleManager: Shutting down and abandoning module MergeActors (718)
[2025.09.09-05.11.49:878][ 81]LogModuleManager: Shutting down and abandoning module LocalizationDashboard (716)
[2025.09.09-05.11.49:878][ 81]LogModuleManager: Shutting down and abandoning module LocalizationService (715)
[2025.09.09-05.11.49:878][ 81]LogModuleManager: Shutting down and abandoning module HardwareTargeting (712)
[2025.09.09-05.11.49:878][ 81]LogModuleManager: Shutting down and abandoning module DeviceProfileEditor (710)
[2025.09.09-05.11.49:878][ 81]LogModuleManager: Shutting down and abandoning module UndoHistory (708)
[2025.09.09-05.11.49:878][ 81]LogModuleManager: Shutting down and abandoning module XmlParser (706)
[2025.09.09-05.11.49:878][ 81]LogModuleManager: Shutting down and abandoning module Blutility (704)
[2025.09.09-05.11.49:878][ 81]LogModuleManager: Shutting down and abandoning module ProjectSettingsViewer (702)
[2025.09.09-05.11.49:878][ 81]LogModuleManager: Shutting down and abandoning module ProjectTargetPlatformEditor (701)
[2025.09.09-05.11.49:878][ 81]LogModuleManager: Shutting down and abandoning module EditorSettingsViewer (698)
[2025.09.09-05.11.49:878][ 81]LogModuleManager: Shutting down and abandoning module InternationalizationSettings (697)
[2025.09.09-05.11.49:878][ 81]LogModuleManager: Shutting down and abandoning module SettingsEditor (694)
[2025.09.09-05.11.49:878][ 81]LogModuleManager: Shutting down and abandoning module ProjectLauncher (692)
[2025.09.09-05.11.49:878][ 81]LogModuleManager: Shutting down and abandoning module SessionFrontend (690)
[2025.09.09-05.11.49:878][ 81]LogModuleManager: Shutting down and abandoning module ProfilerClient (688)
[2025.09.09-05.11.49:878][ 81]LogModuleManager: Shutting down and abandoning module DeviceManager (686)
[2025.09.09-05.11.49:878][ 81]LogModuleManager: Shutting down and abandoning module TargetDeviceServices (685)
[2025.09.09-05.11.49:911][ 81]LogModuleManager: Shutting down and abandoning module AutomationController (682)
[2025.09.09-05.11.49:911][ 81]LogModuleManager: Shutting down and abandoning module AutomationWindow (680)
[2025.09.09-05.11.49:911][ 81]LogModuleManager: Shutting down and abandoning module Layers (678)
[2025.09.09-05.11.49:911][ 81]LogModuleManager: Shutting down and abandoning module ComponentVisualizers (676)
[2025.09.09-05.11.49:911][ 81]LogModuleManager: Shutting down and abandoning module DetailCustomizations (674)
[2025.09.09-05.11.49:911][ 81]LogModuleManager: Shutting down and abandoning module PackagesDialog (672)
[2025.09.09-05.11.49:911][ 81]LogModuleManager: Shutting down and abandoning module AnimationBlueprintEditor (670)
[2025.09.09-05.11.49:911][ 81]LogModuleManager: Shutting down and abandoning module Persona (668)
[2025.09.09-05.11.49:911][ 81]LogModuleManager: Shutting down and abandoning module AdvancedPreviewScene (667)
[2025.09.09-05.11.49:911][ 81]LogModuleManager: Shutting down and abandoning module AnimGraph (665)
[2025.09.09-05.11.49:911][ 81]LogModuleManager: Shutting down and abandoning module Kismet (662)
[2025.09.09-05.11.49:911][ 81]LogModuleManager: Shutting down and abandoning module KismetWidgets (661)
[2025.09.09-05.11.49:911][ 81]LogModuleManager: Shutting down and abandoning module GraphEditor (658)
[2025.09.09-05.11.49:911][ 81]LogModuleManager: Shutting down and abandoning module StructViewer (656)
[2025.09.09-05.11.49:911][ 81]LogModuleManager: Shutting down and abandoning module ClassViewer (654)
[2025.09.09-05.11.49:911][ 81]LogModuleManager: Shutting down and abandoning module Toolbox (652)
[2025.09.09-05.11.49:911][ 81]LogModuleManager: Shutting down and abandoning module ModuleUI (650)
[2025.09.09-05.11.49:911][ 81]LogModuleManager: Shutting down and abandoning module OutputLog (648)
[2025.09.09-05.11.49:911][ 81]LogModuleManager: Shutting down and abandoning module GammaUI (646)
[2025.09.09-05.11.49:911][ 81]LogModuleManager: Shutting down and abandoning module Documentation (644)
[2025.09.09-05.11.49:911][ 81]LogModuleManager: Shutting down and abandoning module LiveCoding (642)
[2025.09.09-05.11.49:911][ 81]LogModuleManager: Shutting down and abandoning module LevelSequence (640)
[2025.09.09-05.11.49:911][ 81]LogModuleManager: Shutting down and abandoning module MovieSceneTracks (638)
[2025.09.09-05.11.49:911][ 81]LogModuleManager: Shutting down and abandoning module MovieScene (636)
[2025.09.09-05.11.49:911][ 81]LogModuleManager: Shutting down and abandoning module StreamingPauseRendering (634)
[2025.09.09-05.11.49:911][ 81]LogModuleManager: Shutting down and abandoning module LauncherPlatform (632)
[2025.09.09-05.11.49:911][ 81]LogModuleManager: Shutting down and abandoning module AnalyticsET (630)
[2025.09.09-05.11.49:911][ 81]LogModuleManager: Shutting down and abandoning module PortalServices (628)
[2025.09.09-05.11.49:911][ 81]LogModuleManager: Shutting down and abandoning module PortalRpc (626)
[2025.09.09-05.11.49:911][ 81]LogModuleManager: Shutting down and abandoning module MessagingRpc (624)
[2025.09.09-05.11.49:911][ 81]LogModuleManager: Shutting down and abandoning module AudioMixerXAudio2 (622)
[2025.09.09-05.11.49:912][ 81]LogModuleManager: Shutting down and abandoning module AudioMixerCore (621)
[2025.09.09-05.11.49:912][ 81]LogModuleManager: Shutting down and abandoning module AIModule (618)
[2025.09.09-05.11.49:912][ 81]LogModuleManager: Shutting down and abandoning module GameplayDebugger (617)
[2025.09.09-05.11.49:912][ 81]LogModuleManager: Shutting down and abandoning module AITestSuite (615)
[2025.09.09-05.11.49:912][ 81]LogModuleManager: Shutting down and abandoning module NavigationSystem (613)
[2025.09.09-05.11.49:912][ 81]LogModuleManager: Shutting down and abandoning module ImageWriteQueue (610)
[2025.09.09-05.11.49:915][ 81]LogModuleManager: Shutting down and abandoning module ProfilerService (608)
[2025.09.09-05.11.49:990][ 81]LogModuleManager: Shutting down and abandoning module TaskGraph (606)
[2025.09.09-05.11.49:990][ 81]LogModuleManager: Shutting down and abandoning module AudioSynesthesiaEditor (604)
[2025.09.09-05.11.49:991][ 81]LogModuleManager: Shutting down and abandoning module ContentBrowserFileDataSource (602)
[2025.09.09-05.11.49:991][ 81]LogModuleManager: Shutting down and abandoning module ContentBrowserClassDataSource (600)
[2025.09.09-05.11.49:991][ 81]LogModuleManager: Shutting down and abandoning module ContentBrowserAssetDataSource (598)
[2025.09.09-05.11.49:991][ 81]LogModuleManager: Shutting down and abandoning module CollectionManager (597)
[2025.09.09-05.11.49:991][ 81]LogModuleManager: Shutting down and abandoning module OculusEditor (594)
[2025.09.09-05.11.49:991][ 81]LogModuleManager: Shutting down and abandoning module OculusInput (592)
[2025.09.09-05.11.49:991][ 81]LogModuleManager: Shutting down and abandoning module SpeedTreeImporter (590)
[2025.09.09-05.11.49:991][ 81]LogModuleManager: Shutting down and abandoning module PluginBrowser (588)
[2025.09.09-05.11.49:991][ 81]LogModuleManager: Shutting down and abandoning module MobileLauncherProfileWizard (586)
[2025.09.09-05.11.49:991][ 81]LogModuleManager: Shutting down and abandoning module MaterialAnalyzer (584)
[2025.09.09-05.11.49:991][ 81]LogModuleManager: Shutting down and abandoning module CurveEditorTools (582)
[2025.09.09-05.11.49:991][ 81]LogModuleManager: Shutting down and abandoning module CryptoKeysOpenSSL (580)
[2025.09.09-05.11.49:991][ 81]LogModuleManager: Shutting down and abandoning module CryptoKeys (578)
[2025.09.09-05.11.49:991][ 81]LogModuleManager: Shutting down and abandoning module SynthesisEditor (576)
[2025.09.09-05.11.49:991][ 81]LogModuleManager: Shutting down and abandoning module Synthesis (574)
[2025.09.09-05.11.49:991][ 81]LogModuleManager: Shutting down and abandoning module TakeSequencer (572)
[2025.09.09-05.11.49:991][ 81]LogModuleManager: Shutting down and abandoning module TakeMovieScene (570)
[2025.09.09-05.11.49:991][ 81]LogModuleManager: Shutting down and abandoning module ProceduralMeshComponentEditor (568)
[2025.09.09-05.11.49:991][ 81]LogModuleManager: Shutting down and abandoning module ProceduralMeshComponent (566)
[2025.09.09-05.11.49:991][ 81]LogModuleManager: Shutting down and abandoning module OpenXREditor (564)
[2025.09.09-05.11.49:991][ 81]LogModuleManager: Shutting down and abandoning module MobilePatchingUtils (562)
[2025.09.09-05.11.49:991][ 81]LogModuleManager: Shutting down and abandoning module GooglePAD (560)
[2025.09.09-05.11.49:991][ 81]LogModuleManager: Shutting down and abandoning module EditableMesh (558)
[2025.09.09-05.11.49:991][ 81]LogModuleManager: Shutting down and abandoning module CustomMeshComponent (556)
[2025.09.09-05.11.49:991][ 81]LogModuleManager: Shutting down and abandoning module CableComponent (554)
[2025.09.09-05.11.49:991][ 81]LogModuleManager: Shutting down and abandoning module AudioCapture (552)
[2025.09.09-05.11.49:991][ 81]LogModuleManager: Shutting down and abandoning module AudioCaptureRtAudio (551)
[2025.09.09-05.11.49:991][ 81]LogModuleManager: Shutting down and abandoning module AssetTags (548)
[2025.09.09-05.11.49:991][ 81]LogModuleManager: Shutting down and abandoning module ArchVisCharacter (546)
[2025.09.09-05.11.49:991][ 81]LogModuleManager: Shutting down and abandoning module AppleImageUtilsBlueprintSupport (544)
[2025.09.09-05.11.49:991][ 81]LogModuleManager: Shutting down and abandoning module AppleImageUtils (542)
[2025.09.09-05.11.49:991][ 81]LogModuleManager: Shutting down and abandoning module AndroidPermission (540)
[2025.09.09-05.11.49:991][ 81]LogModuleManager: Shutting down and abandoning module ScreenshotTools (538)
[2025.09.09-05.11.49:991][ 81]LogModuleManager: Shutting down and abandoning module ActorLayerUtilitiesEditor (536)
[2025.09.09-05.11.49:991][ 81]LogModuleManager: Shutting down and abandoning module ActorLayerUtilities (534)
[2025.09.09-05.11.49:991][ 81]LogModuleManager: Shutting down and abandoning module TemplateSequence (532)
[2025.09.09-05.11.49:991][ 81]LogModuleManager: Shutting down and abandoning module MediaCompositing (530)
[2025.09.09-05.11.49:991][ 81]LogModuleManager: Shutting down and abandoning module ImgMedia (528)
[2025.09.09-05.11.49:991][ 81]LogModuleManager: Shutting down and abandoning module MagicLeapSharedWorld (526)
[2025.09.09-05.11.49:991][ 81]LogModuleManager: Shutting down and abandoning module MagicLeapLightEstimation (524)
[2025.09.09-05.11.49:991][ 81]LogModuleManager: Shutting down and abandoning module NiagaraEditorWidgets (522)
[2025.09.09-05.11.49:991][ 81]LogModuleManager: Shutting down and abandoning module MagicLeapHelperVulkan (520)
[2025.09.09-05.11.49:991][ 81]LogModuleManager: Shutting down and abandoning module MagicLeapHelperOpenGL (518)
[2025.09.09-05.11.49:991][ 81]LogModuleManager: Shutting down and abandoning module MagicLeapAudio (516)
[2025.09.09-05.11.49:991][ 81]LogModuleManager: Shutting down and abandoning module OpenImageDenoise (514)
[2025.09.09-05.11.49:991][ 81]LogOpenImageDenoise: OIDN shutting down
[2025.09.09-05.11.49:991][ 81]LogModuleManager: Shutting down and abandoning module MotoSynthEditor (512)
[2025.09.09-05.11.49:991][ 81]LogModuleManager: Shutting down and abandoning module MotoSynth (510)
[2025.09.09-05.11.49:991][ 81]LogModuleManager: Shutting down and abandoning module MeshConversion (508)
[2025.09.09-05.11.49:991][ 81]LogModuleManager: Shutting down and abandoning module DynamicMesh (506)
[2025.09.09-05.11.49:991][ 81]LogModuleManager: Shutting down and abandoning module GeometryAlgorithms (504)
[2025.09.09-05.11.49:991][ 81]LogModuleManager: Shutting down and abandoning module GeometricObjects (502)
[2025.09.09-05.11.49:991][ 81]LogModuleManager: Shutting down and abandoning module GeometryCollectionTracks (500)
[2025.09.09-05.11.49:991][ 81]LogModuleManager: Shutting down and abandoning module GeometryCollectionSequencer (499)
[2025.09.09-05.11.49:991][ 81]LogModuleManager: Shutting down and abandoning module GeometryCollectionEditor (496)
[2025.09.09-05.11.49:991][ 81]LogModuleManager: Shutting down and abandoning module GeometryCacheTracks (494)
[2025.09.09-05.11.49:991][ 81]LogModuleManager: Shutting down and abandoning module GeometryCacheStreamer (492)
[2025.09.09-05.11.49:991][ 81]LogModuleManager: Shutting down and abandoning module GeometryCacheSequencer (490)
[2025.09.09-05.11.49:991][ 81]LogModuleManager: Shutting down and abandoning module ChaosSolverEditor (488)
[2025.09.09-05.11.49:991][ 81]LogModuleManager: Shutting down and abandoning module FractureEditor (486)
[2025.09.09-05.11.49:991][ 81]LogModuleManager: Shutting down and abandoning module ChaosNiagara (484)
[2025.09.09-05.11.49:991][ 81]LogModuleManager: Shutting down and abandoning module FieldSystemEngine (483)
[2025.09.09-05.11.49:991][ 81]LogModuleManager: Shutting down and abandoning module ChaosClothEditor (480)
[2025.09.09-05.11.49:991][ 81]LogModuleManager: Shutting down and abandoning module BackChannel (478)
[2025.09.09-05.11.49:992][ 81]LogModuleManager: Shutting down and abandoning module AutomationUtilsEditor (476)
[2025.09.09-05.11.49:992][ 81]LogModuleManager: Shutting down and abandoning module AutomationUtils (474)
[2025.09.09-05.11.49:992][ 81]LogModuleManager: Shutting down and abandoning module AlembicImporter (472)
[2025.09.09-05.11.49:992][ 81]LogModuleManager: Shutting down and abandoning module AlembicLibrary (471)
[2025.09.09-05.11.49:992][ 81]LogModuleManager: Shutting down and abandoning module GeometryCache (470)
[2025.09.09-05.11.49:992][ 81]LogModuleManager: Shutting down and abandoning module GeometryCacheEd (469)
[2025.09.09-05.11.49:992][ 81]LogModuleManager: Shutting down and abandoning module VisualStudioSourceCodeAccess (464)
[2025.09.09-05.11.49:992][ 81]LogModuleManager: Shutting down and abandoning module VisualStudioCodeSourceCodeAccess (462)
[2025.09.09-05.11.49:992][ 81]LogModuleManager: Shutting down and abandoning module UObjectPlugin (460)
[2025.09.09-05.11.49:992][ 81]LogModuleManager: Shutting down and abandoning module VariantManagerContentEditor (458)
[2025.09.09-05.11.49:992][ 81]LogModuleManager: Shutting down and abandoning module RiderSourceCodeAccess (456)
[2025.09.09-05.11.49:992][ 81]LogModuleManager: Shutting down and abandoning module SubversionSourceControl (454)
[2025.09.09-05.11.49:992][ 81]LogModuleManager: Shutting down and abandoning module DatasmithContentEditor (452)
[2025.09.09-05.11.49:992][ 81]LogModuleManager: Shutting down and abandoning module PluginUtils (450)
[2025.09.09-05.11.49:992][ 81]LogModuleManager: Shutting down and abandoning module PlasticSourceControl (448)
[2025.09.09-05.11.49:992][ 81]LogModuleManager: Shutting down and abandoning module PerforceSourceControl (446)
[2025.09.09-05.11.49:992][ 81]LogModuleManager: Shutting down and abandoning module OodleNetworkHandlerComponent (444)
[2025.09.09-05.11.49:992][ 81]LogModuleManager: Shutting down and abandoning module CLionSourceCodeAccess (442)
[2025.09.09-05.11.49:992][ 81]LogModuleManager: Shutting down and abandoning module GitSourceControl (440)
[2025.09.09-05.11.49:992][ 81]LogModuleManager: Shutting down and abandoning module SourceControl (439)
[2025.09.09-05.11.49:992][ 81]LogModuleManager: Shutting down and abandoning module AnimationSharingEd (436)
[2025.09.09-05.11.49:992][ 81]LogModuleManager: Shutting down and abandoning module LightPropagationVolumeEditor (434)
[2025.09.09-05.11.49:992][ 81]LogModuleManager: Shutting down and abandoning module LiveLinkSequencer (432)
[2025.09.09-05.11.49:992][ 81]LogModuleManager: Shutting down and abandoning module LiveLinkMovieScene (430)
[2025.09.09-05.11.49:992][ 81]LogModuleManager: Shutting down and abandoning module LiveLinkGraphNode (428)
[2025.09.09-05.11.49:992][ 81]LogModuleManager: Shutting down and abandoning module LiveLinkEditor (426)
[2025.09.09-05.11.49:992][ 81]LogModuleManager: Shutting down and abandoning module LiveLinkComponents (424)
[2025.09.09-05.11.49:992][ 81]LogModuleManager: Shutting down and abandoning module LiveLink (422)
[2025.09.09-05.11.50:880][ 81]LogModuleManager: Shutting down and abandoning module PaperTiledImporter (420)
[2025.09.09-05.11.50:880][ 81]LogModuleManager: Shutting down and abandoning module PaperSpriteSheetImporter (418)
[2025.09.09-05.11.50:880][ 81]LogModuleManager: Shutting down and abandoning module Paper2DEditor (416)
[2025.09.09-05.11.50:880][ 81]LogModuleManager: Shutting down and abandoning module MeshPaintingToolset (414)
[2025.09.09-05.11.50:880][ 81]LogModuleManager: Shutting down and abandoning module MeshPaintEditorMode (412)
[2025.09.09-05.11.50:880][ 81]LogModuleManager: Shutting down and abandoning module GameplayTagsEditor (410)
[2025.09.09-05.11.50:880][ 81]LogModuleManager: Shutting down and abandoning module FacialAnimationEditor (408)
[2025.09.09-05.11.50:880][ 81]LogModuleManager: Shutting down and abandoning module FacialAnimation (406)
[2025.09.09-05.11.50:880][ 81]LogModuleManager: Shutting down and abandoning module DataValidation (404)
[2025.09.09-05.11.50:880][ 81]LogModuleManager: Shutting down and abandoning module AssetManagerEditor (402)
[2025.09.09-05.11.50:880][ 81]LogModuleManager: Shutting down and abandoning module LevelEditor (401)
[2025.09.09-05.11.50:881][ 81]LogModuleManager: Shutting down and abandoning module PixelInspectorModule (400)
[2025.09.09-05.11.50:881][ 81]LogModuleManager: Shutting down and abandoning module CommonMenuExtensions (398)
[2025.09.09-05.11.50:881][ 81]LogModuleManager: Shutting down and abandoning module MainFrame (396)
[2025.09.09-05.11.50:881][ 81]LogModuleManager: Shutting down and abandoning module HotReload (395)
[2025.09.09-05.11.50:881][ 81]LogModuleManager: Shutting down and abandoning module ToolMenus (391)
[2025.09.09-05.11.50:881][ 81]LogModuleManager: Shutting down and abandoning module TreeMap (389)
[2025.09.09-05.11.50:881][ 81]LogModuleManager: Shutting down and abandoning module SoundFields (386)
[2025.09.09-05.11.50:881][ 81]LogModuleManager: Shutting down and abandoning module SignificanceManager (384)
[2025.09.09-05.11.50:881][ 81]LogModuleManager: Shutting down and abandoning module RuntimePhysXCooking (382)
[2025.09.09-05.11.50:881][ 81]LogModuleManager: Shutting down and abandoning module PropertyAccessEditor (380)
[2025.09.09-05.11.50:881][ 81]LogModuleManager: Shutting down and abandoning module PhysXVehiclesEditor (378)
[2025.09.09-05.11.50:881][ 81]LogModuleManager: Shutting down and abandoning module LocationServicesBPLibrary (374)
[2025.09.09-05.11.50:881][ 81]LogModuleManager: Shutting down and abandoning module AudioSynesthesia (372)
[2025.09.09-05.11.50:881][ 81]LogModuleManager: Shutting down and abandoning module AudioSynesthesiaCore (370)
[2025.09.09-05.11.50:881][ 81]LogModuleManager: Shutting down and abandoning module UdpMessaging (368)
[2025.09.09-05.11.50:982][ 81]LogModuleManager: Shutting down and abandoning module TcpMessaging (366)
[2025.09.09-05.11.51:083][ 81]LogModuleManager: Shutting down and abandoning module ActorSequence (364)
[2025.09.09-05.11.51:083][ 81]LogModuleManager: Shutting down and abandoning module ImgMediaEngine (362)
[2025.09.09-05.11.51:083][ 81]LogModuleManager: Shutting down and abandoning module MagicLeapARPin (360)
[2025.09.09-05.11.51:083][ 81]LogModuleManager: Shutting down and abandoning module NiagaraAnimNotifies (358)
[2025.09.09-05.11.51:083][ 81]LogModuleManager: Shutting down and abandoning module Niagara (356)
[2025.09.09-05.11.51:083][ 81]LogModuleManager: Shutting down and abandoning module SignalProcessing (355)
[2025.09.09-05.11.51:083][ 81]LogModuleManager: Shutting down and abandoning module NiagaraEditor (353)
[2025.09.09-05.11.51:083][ 81]LogModuleManager: Shutting down and abandoning module ContentBrowser (352)
[2025.09.09-05.11.51:083][ 81]LogModuleManager: Shutting down and abandoning module ContentBrowserData (351)
[2025.09.09-05.11.51:083][ 81]LogModuleManager: Shutting down and abandoning module NiagaraCore (346)
[2025.09.09-05.11.51:083][ 81]LogModuleManager: Shutting down and abandoning module MagicLeapHandMeshing (344)
[2025.09.09-05.11.51:083][ 81]LogModuleManager: Shutting down and abandoning module MagicLeapSecureStorage (342)
[2025.09.09-05.11.51:083][ 81]LogModuleManager: Shutting down and abandoning module MagicLeapPrivileges (340)
[2025.09.09-05.11.51:083][ 81]LogModuleManager: Shutting down and abandoning module MagicLeapPlanes (338)
[2025.09.09-05.11.51:083][ 81]LogMagicLeapPlanes: Planes tracker already destroyed.
[2025.09.09-05.11.51:083][ 81]LogModuleManager: Shutting down and abandoning module MagicLeapImageTracker (336)
[2025.09.09-05.11.51:083][ 81]LogModuleManager: Shutting down and abandoning module MagicLeapIdentity (334)
[2025.09.09-05.11.51:083][ 81]LogModuleManager: Shutting down and abandoning module MagicLeapHandTracking (332)
[2025.09.09-05.11.51:083][ 81]LogModuleManager: Shutting down and abandoning module MagicLeapEyeTracker (330)
[2025.09.09-05.11.51:083][ 81]LogModuleManager: Shutting down and abandoning module MagicLeapController (328)
[2025.09.09-05.11.51:083][ 81]LogModuleManager: Shutting down and abandoning module MagicLeapARPinImpl (326)
[2025.09.09-05.11.51:083][ 81]LogModuleManager: Shutting down and abandoning module MagicLeapAR (324)
[2025.09.09-05.11.51:083][ 81]LogModuleManager: Shutting down and abandoning module PythonScriptPlugin (322)
[2025.09.09-05.11.51:083][ 81]LogModuleManager: Shutting down and abandoning module PropertyAccessNode (320)
[2025.09.09-05.11.51:083][ 81]LogModuleManager: Shutting down and abandoning module AnimationSharing (318)
[2025.09.09-05.11.51:083][ 81]LogModuleManager: Shutting down and abandoning module LightPropagationVolumeRuntime (316)
[2025.09.09-05.11.51:083][ 81]LogModuleManager: Shutting down and abandoning module GameplayCameras (314)
[2025.09.09-05.11.51:083][ 81]LogModuleManager: Shutting down and abandoning module EnvironmentQueryEditor (312)
[2025.09.09-05.11.51:083][ 81]LogModuleManager: Shutting down and abandoning module Paper2D (310)
[2025.09.09-05.11.51:083][ 81]LogModuleManager: Shutting down and abandoning module WindowsMoviePlayer (308)
[2025.09.09-05.11.51:084][ 81]LogModuleManager: Shutting down and abandoning module WebMMoviePlayer (306)
[2025.09.09-05.11.51:084][ 81]LogModuleManager: Shutting down and abandoning module NetworkReplayStreaming (304)
[2025.09.09-05.11.51:084][ 81]LogModuleManager: Shutting down and abandoning module PacketHandler (302)
[2025.09.09-05.11.51:084][ 81]LogModuleManager: Shutting down and abandoning module ClothingSystemEditor (300)
[2025.09.09-05.11.51:084][ 81]LogModuleManager: Shutting down and abandoning module ClothingSystemRuntimeNv (298)
[2025.09.09-05.11.51:084][ 81]LogModuleManager: Shutting down and abandoning module MediaAssets (296)
[2025.09.09-05.11.51:084][ 81]LogModuleManager: Shutting down and abandoning module Overlay (294)
[2025.09.09-05.11.51:084][ 81]LogModuleManager: Shutting down and abandoning module OverlayEditor (293)
[2025.09.09-05.11.51:084][ 81]LogModuleManager: Shutting down and abandoning module VREditor (290)
[2025.09.09-05.11.51:084][ 81]LogModuleManager: Shutting down and abandoning module StringTableEditor (288)
[2025.09.09-05.11.51:084][ 81]LogModuleManager: Shutting down and abandoning module GameplayTasksEditor (286)
[2025.09.09-05.11.51:084][ 81]LogModuleManager: Shutting down and abandoning module BehaviorTreeEditor (284)
[2025.09.09-05.11.51:084][ 81]LogModuleManager: Shutting down and abandoning module FunctionalTesting (282)
[2025.09.09-05.11.51:084][ 81]LogModuleManager: Shutting down and abandoning module CollisionAnalyzer (280)
[2025.09.09-05.11.51:084][ 81]LogModuleManager: Shutting down and abandoning module WorkspaceMenuStructure (279)
[2025.09.09-05.11.51:084][ 81]LogModuleManager: Shutting down and abandoning module UMG (276)
[2025.09.09-05.11.51:084][ 81]LogModuleManager: Shutting down and abandoning module UMGEditor (275)
[2025.09.09-05.11.51:085][ 81]LogModuleManager: Shutting down and abandoning module MessageLog (273)
[2025.09.09-05.11.51:085][ 81]LogModuleManager: Shutting down and abandoning module SlateReflector (268)
[2025.09.09-05.11.51:085][ 81]LogModuleManager: Shutting down and abandoning module Slate (266)
[2025.09.09-05.11.51:085][ 81]LogModuleManager: Shutting down and abandoning module SlateCore (264)
[2025.09.09-05.11.51:085][ 81]LogModuleManager: Shutting down and abandoning module LandscapeEditorUtilities (262)
[2025.09.09-05.11.51:085][ 81]LogModuleManager: Shutting down and abandoning module UnrealEd (260)
[2025.09.09-05.11.51:085][ 81]LogModuleManager: Shutting down and abandoning module MRMesh (258)
[2025.09.09-05.11.51:085][ 81]LogModuleManager: Shutting down and abandoning module SourceCodeAccess (256)
[2025.09.09-05.11.51:085][ 81]LogModuleManager: Shutting down and abandoning module HeadMountedDisplay (254)
[2025.09.09-05.11.51:085][ 81]LogModuleManager: Shutting down and abandoning module XAudio2 (252)
[2025.09.09-05.11.51:085][ 81]LogModuleManager: Shutting down and abandoning module Networking (250)
[2025.09.09-05.11.51:085][ 81]LogModuleManager: Shutting down and abandoning module Core (248)
[2025.09.09-05.11.51:085][ 81]LogModuleManager: Shutting down and abandoning module MaterialEditor (246)
[2025.09.09-05.11.51:085][ 81]LogModuleManager: Shutting down and abandoning module MovieSceneTools (244)
[2025.09.09-05.11.51:085][ 81]LogModuleManager: Shutting down and abandoning module CurveEditor (243)
[2025.09.09-05.11.51:085][ 81]LogModuleManager: Shutting down and abandoning module Sequencer (241)
[2025.09.09-05.11.51:085][ 81]LogModuleManager: Shutting down and abandoning module EditorStyle (240)
[2025.09.09-05.11.51:086][ 81]LogModuleManager: Shutting down and abandoning module KismetCompiler (236)
[2025.09.09-05.11.51:086][ 81]LogModuleManager: Shutting down and abandoning module MeshBuilder (234)
[2025.09.09-05.11.51:086][ 81]LogModuleManager: Shutting down and abandoning module MeshUtilities (232)
[2025.09.09-05.11.51:086][ 81]LogModuleManager: Shutting down and abandoning module MeshMergeUtilities (231)
[2025.09.09-05.11.51:086][ 81]LogModuleManager: Shutting down and abandoning module MeshReductionInterface (230)
[2025.09.09-05.11.51:086][ 81]LogModuleManager: Shutting down and abandoning module MeshBoneReduction (229)
[2025.09.09-05.11.51:086][ 81]LogModuleManager: Shutting down and abandoning module SkeletalMeshReduction (227)
[2025.09.09-05.11.51:086][ 81]LogModuleManager: Shutting down and abandoning module ProxyLODMeshReduction (225)
[2025.09.09-05.11.51:086][ 81]LogModuleManager: Shutting down and abandoning module QuadricMeshReduction (223)
[2025.09.09-05.11.51:086][ 81]LogModuleManager: Shutting down and abandoning module MaterialBaking (219)
[2025.09.09-05.11.51:086][ 81]LogModuleManager: Shutting down and abandoning module NullInstallBundleManager (214)
[2025.09.09-05.11.51:086][ 81]LogModuleManager: Shutting down and abandoning module DerivedDataCache (212)
[2025.09.09-05.11.51:086][ 81]LogModuleManager: Shutting down and abandoning module TargetPlatform (210)
[2025.09.09-05.11.51:086][ 81]LogModuleManager: Shutting down and abandoning module VulkanShaderFormat (209)
[2025.09.09-05.11.51:086][ 81]LogModuleManager: Shutting down and abandoning module ShaderFormatVectorVM (207)
[2025.09.09-05.11.51:086][ 81]LogModuleManager: Shutting down and abandoning module ShaderFormatOpenGL (205)
[2025.09.09-05.11.51:086][ 81]LogModuleManager: Shutting down and abandoning module ShaderFormatD3D (203)
[2025.09.09-05.11.51:086][ 81]LogModuleManager: Shutting down and abandoning module MetalShaderFormat (201)
[2025.09.09-05.11.51:086][ 81]LogModuleManager: Shutting down and abandoning module TextureFormatOodle (199)
[2025.09.09-05.11.51:086][ 81]LogModuleManager: Shutting down and abandoning module TextureFormatUncompressed (197)
[2025.09.09-05.11.51:086][ 81]LogModuleManager: Shutting down and abandoning module TextureFormatPVR (195)
[2025.09.09-05.11.51:087][ 81]LogModuleManager: Shutting down and abandoning module TextureFormatETC2 (193)
[2025.09.09-05.11.51:087][ 81]LogModuleManager: Shutting down and abandoning module TextureFormatDXT (191)
[2025.09.09-05.11.51:087][ 81]LogModuleManager: Shutting down and abandoning module TextureFormatIntelISPCTexComp (189)
[2025.09.09-05.11.51:087][ 81]LogModuleManager: Shutting down and abandoning module TextureFormatASTC (187)
[2025.09.09-05.11.51:087][ 81]LogModuleManager: Shutting down and abandoning module ImageWrapper (186)
[2025.09.09-05.11.51:087][ 81]LogModuleManager: Shutting down and abandoning module AudioFormatOpus (183)
[2025.09.09-05.11.51:087][ 81]LogModuleManager: Shutting down and abandoning module AudioFormatOgg (181)
[2025.09.09-05.11.51:087][ 81]LogModuleManager: Shutting down and abandoning module AudioFormatADPCM (179)
[2025.09.09-05.11.51:087][ 81]LogModuleManager: Shutting down and abandoning module WindowsServerTargetPlatform (177)
[2025.09.09-05.11.51:087][ 81]LogModuleManager: Shutting down and abandoning module WindowsClientTargetPlatform (175)
[2025.09.09-05.11.51:087][ 81]LogModuleManager: Shutting down and abandoning module WindowsTargetPlatform (173)
[2025.09.09-05.11.51:087][ 81]LogModuleManager: Shutting down and abandoning module WindowsNoEditorTargetPlatform (171)
[2025.09.09-05.11.51:087][ 81]LogModuleManager: Shutting down and abandoning module TVOSTargetPlatform (169)
[2025.09.09-05.11.51:087][ 81]LogModuleManager: Shutting down and abandoning module MacServerTargetPlatform (167)
[2025.09.09-05.11.51:087][ 81]LogModuleManager: Shutting down and abandoning module MacClientTargetPlatform (165)
[2025.09.09-05.11.51:087][ 81]LogModuleManager: Shutting down and abandoning module MacTargetPlatform (163)
[2025.09.09-05.11.51:087][ 81]LogModuleManager: Shutting down and abandoning module MacNoEditorTargetPlatform (161)
[2025.09.09-05.11.51:087][ 81]LogModuleManager: Shutting down and abandoning module LuminTargetPlatform (159)
[2025.09.09-05.11.51:088][ 81]LogModuleManager: Shutting down and abandoning module LinuxAArch64ServerTargetPlatform (157)
[2025.09.09-05.11.51:088][ 81]LogModuleManager: Shutting down and abandoning module LinuxAArch64ClientTargetPlatform (155)
[2025.09.09-05.11.51:088][ 81]LogModuleManager: Shutting down and abandoning module LinuxAArch64NoEditorTargetPlatform (153)
[2025.09.09-05.11.51:088][ 81]LogModuleManager: Shutting down and abandoning module LinuxServerTargetPlatform (151)
[2025.09.09-05.11.51:088][ 81]LogModuleManager: Shutting down and abandoning module LinuxClientTargetPlatform (149)
[2025.09.09-05.11.51:088][ 81]LogModuleManager: Shutting down and abandoning module LinuxNoEditorTargetPlatform (147)
[2025.09.09-05.11.51:088][ 81]LogModuleManager: Shutting down and abandoning module LinuxTargetPlatform (145)
[2025.09.09-05.11.51:088][ 81]LogModuleManager: Shutting down and abandoning module Messaging (143)
[2025.09.09-05.11.51:088][ 81]LogModuleManager: Shutting down and abandoning module IOSTargetPlatform (141)
[2025.09.09-05.11.51:088][ 81]LogModuleManager: Shutting down and abandoning module AndroidTargetPlatform (139)
[2025.09.09-05.11.51:092][ 81]LogModuleManager: Shutting down and abandoning module AllDesktopTargetPlatform (137)
[2025.09.09-05.11.51:092][ 81]LogModuleManager: Shutting down and abandoning module D3D11RHI (134)
[2025.09.09-05.11.51:092][ 81]LogModuleManager: Shutting down and abandoning module InputCore (132)
[2025.09.09-05.11.51:092][ 81]LogModuleManager: Shutting down and abandoning module Settings (130)
[2025.09.09-05.11.51:092][ 81]LogModuleManager: Shutting down and abandoning module DirectoryWatcher (128)
[2025.09.09-05.11.51:092][ 81]LogModuleManager: Shutting down and abandoning module PhysXCooking (126)
[2025.09.09-05.11.51:092][ 81]LogModuleManager: Shutting down and abandoning module Chaos (124)
[2025.09.09-05.11.51:093][ 81]LogModuleManager: Shutting down and abandoning module WindowsPlatformFeatures (122)
[2025.09.09-05.11.51:093][ 81]LogModuleManager: Shutting down and abandoning module GameplayMediaEncoder (121)
[2025.09.09-05.11.51:093][ 81]LogModuleManager: Shutting down and abandoning module AVEncoder (120)
[2025.09.09-05.11.51:093][ 81]LogModuleManager: Shutting down and abandoning module SteamVRInputDevice (116)
[2025.09.09-05.11.51:093][ 81]LogModuleManager: Shutting down and abandoning module SteamVRInput (114)
[2025.09.09-05.11.51:093][ 81]LogModuleManager: Shutting down and abandoning module SteamVR (112)
[2025.09.09-05.11.51:093][ 81]LogHMD: Freeing OpenVRDLLHandle.
[2025.09.09-05.11.51:093][ 81]LogModuleManager: Shutting down and abandoning module OculusHMD (110)
[2025.09.09-05.11.51:093][ 81]LogModuleManager: Shutting down and abandoning module OpenXRHandTracking (108)
[2025.09.09-05.11.51:093][ 81]LogSlate: Slate User Destroyed.  User Index 0, Is Virtual User: 0
[2025.09.09-05.11.51:093][ 81]LogModuleManager: Shutting down and abandoning module OpenXREyeTracker (106)
[2025.09.09-05.11.51:093][ 81]LogModuleManager: Shutting down and abandoning module OpenXRAR (104)
[2025.09.09-05.11.51:093][ 81]LogModuleManager: Shutting down and abandoning module AugmentedReality (103)
[2025.09.09-05.11.51:093][ 81]LogModuleManager: Shutting down and abandoning module OpenXRHMD (100)
[2025.09.09-05.11.51:093][ 81]LogModuleManager: Shutting down and abandoning module ExampleDeviceProfileSelector (98)
[2025.09.09-05.11.51:093][ 81]LogModuleManager: Shutting down and abandoning module ChunkDownloader (96)
[2025.09.09-05.11.51:093][ 81]LogModuleManager: Shutting down and abandoning module LauncherChunkInstaller (94)
[2025.09.09-05.11.51:093][ 81]LogModuleManager: Shutting down and abandoning module OnlineBlueprintSupport (92)
[2025.09.09-05.11.51:093][ 81]LogModuleManager: Shutting down and abandoning module OnlineSubsystem (88)
[2025.09.09-05.11.51:094][ 81]LogModuleManager: Shutting down and abandoning module XMPP (83)
[2025.09.09-05.11.51:094][ 81]LogModuleManager: Shutting down and abandoning module WebSockets (82)
[2025.09.09-05.11.51:101][ 81]LogModuleManager: Shutting down and abandoning module HTTP (79)
[2025.09.09-05.11.51:101][ 81]LogHttp: Display: Http module shutting down, but needs to wait on 1 outstanding Http requests:
[2025.09.09-05.11.51:101][ 81]LogHttp: Display: 	verb=[POST] url=[https://datarouter.ol.epicgames.com/datarouter/api/v1/public/data?SessionID=%7B00ED9F89-49DC-EEE8-E86F-B28BC0163F4A%7D&AppID=UEEditor.Rocket.Release&AppVersion=4.27.2-18319896%2B%2B%2BUE4%2BRelease-4.27&UserID=9062d9c348a2df0eec8600a9d11b7c53%7Cad3b2f22769141cf97149952038d8174%7C7ca3d56d-2868-46b0-8665-851c9564e295&AppEnvironment=datacollector-binary&UploadType=eteventstream] refs=[1] status=Processing
[2025.09.09-05.11.51:101][ 81]LogHttp: Display: cleaning up 1 outstanding Http requests.
[2025.09.09-05.11.51:125][ 81]LogModuleManager: Shutting down and abandoning module SSL (78)
[2025.09.09-05.11.51:125][ 81]LogModuleManager: Shutting down and abandoning module WmfMedia (74)
[2025.09.09-05.11.51:127][ 81]LogModuleManager: Shutting down and abandoning module Media (73)
[2025.09.09-05.11.51:127][ 81]LogModuleManager: Shutting down and abandoning module MediaInfo (72)
[2025.09.09-05.11.51:127][ 81]LogModuleManager: Shutting down and abandoning module ExrReaderGpu (68)
[2025.09.09-05.11.51:127][ 81]LogModuleManager: Shutting down and abandoning module MLSDK (66)
[2025.09.09-05.11.51:127][ 81]LogModuleManager: Shutting down and abandoning module NiagaraVertexFactories (64)
[2025.09.09-05.11.51:127][ 81]LogModuleManager: Shutting down and abandoning module NiagaraShader (62)
[2025.09.09-05.11.51:127][ 81]LogModuleManager: Shutting down and abandoning module MagicLeap (60)
[2025.09.09-05.11.51:127][ 81]LogModuleManager: Shutting down and abandoning module ChaosCloth (58)
[2025.09.09-05.11.51:127][ 81]LogModuleManager: Shutting down and abandoning module VariantManagerContent (56)
[2025.09.09-05.11.51:127][ 81]LogModuleManager: Shutting down and abandoning module DatasmithContent (54)
[2025.09.09-05.11.51:127][ 81]LogModuleManager: Shutting down and abandoning module PixWinPlugin (52)
[2025.09.09-05.11.51:127][ 81]LogModuleManager: Shutting down and abandoning module AISupportModule (50)
[2025.09.09-05.11.51:127][ 81]LogModuleManager: Shutting down and abandoning module DesktopPlatform (48)
[2025.09.09-05.11.51:127][ 81]LogModuleManager: Shutting down and abandoning module PythonScriptPluginPreload (46)
[2025.09.09-05.11.51:128][ 81]LogModuleManager: Shutting down and abandoning module PlatformCryptoOpenSSL (44)
[2025.09.09-05.11.51:128][ 81]LogModuleManager: Shutting down and abandoning module PlatformCryptoTypes (42)
[2025.09.09-05.11.51:128][ 81]LogModuleManager: Shutting down and abandoning module PlatformCrypto (40)
[2025.09.09-05.11.51:128][ 81]LogModuleManager: Shutting down and abandoning module OodleDataCompressionFormat (38)
[2025.09.09-05.11.51:128][ 81]LogModuleManager: Shutting down and abandoning module XGEController (36)
[2025.09.09-05.11.51:128][ 81]LogModuleManager: Shutting down and abandoning module AnimationModifiers (34)
[2025.09.09-05.11.51:128][ 81]LogModuleManager: Shutting down and abandoning module AudioEditor (32)
[2025.09.09-05.11.51:128][ 81]LogModuleManager: Shutting down and abandoning module PropertyEditor (31)
[2025.09.09-05.11.51:128][ 81]LogModuleManager: Shutting down and abandoning module TextureCompressor (28)
[2025.09.09-05.11.51:128][ 81]LogModuleManager: Shutting down and abandoning module RenderCore (26)
[2025.09.09-05.11.51:128][ 81]LogModuleManager: Shutting down and abandoning module Landscape (24)
[2025.09.09-05.11.51:128][ 81]LogModuleManager: Shutting down and abandoning module SlateRHIRenderer (22)
[2025.09.09-05.11.51:128][ 81]LogModuleManager: Shutting down and abandoning module AnimGraphRuntime (20)
[2025.09.09-05.11.51:128][ 81]LogModuleManager: Shutting down and abandoning module Renderer (18)
[2025.09.09-05.11.51:129][ 81]LogModuleManager: Shutting down and abandoning module Engine (16)
[2025.09.09-05.11.51:129][ 81]LogModuleManager: Shutting down and abandoning module CoreUObject (14)
[2025.09.09-05.11.51:129][ 81]LogModuleManager: Shutting down and abandoning module NetworkFile (12)
[2025.09.09-05.11.51:129][ 81]LogModuleManager: Shutting down and abandoning module CookedIterativeFile (10)
[2025.09.09-05.11.51:129][ 81]LogModuleManager: Shutting down and abandoning module StreamingFile (8)
[2025.09.09-05.11.51:129][ 81]LogModuleManager: Shutting down and abandoning module SandboxFile (6)
[2025.09.09-05.11.51:129][ 81]LogModuleManager: Shutting down and abandoning module PakFile (4)
[2025.09.09-05.11.51:129][ 81]LogModuleManager: Shutting down and abandoning module RSA (3)
[2025.09.09-05.11.51:129][ 81]LogContentStreaming: Display: There are 1 unreleased StreamingManagers
[2025.09.09-05.11.51:141][ 81]LogD3D11RHI: Shutdown
[2025.09.09-05.11.51:141][ 81]LogD3D11RHI: CleanupD3DDevice
[2025.09.09-05.11.51:143][ 81]LogExit: Exiting.
[2025.09.09-05.11.51:154][ 81]Log file closed, 09/09/25 13:11:51
